ville - village,provinces,communes
abaye,noumbiel,tansarga
abra,ioba,ouagadougou
abra,poni,zogore
absouya,bougouriba,zawara
adiarey-diarey,yagha,zambo
adjoan,soum,yonde
adongo,seno,ye
adoudie,oudalan,yako
affini,kourweogo,toussiana
agbana,oubritenga,toma
agou,ganzourgou,to
aladjou,zondoma,titao
alalel,loroum,thiou-koudougou
alamanini,yatenga,tambaga
alfire,passore,sourgou
alga,tuy,solle
alga-fulbe,kenedougou,samba
alhamdou,houet,rollo
aligaga,kompienga,reo
aligaga,komandjari,pompoi
allialkoum,tapoa,pilimpikou
allobiga,gourma,piela
ambkaongo,gnagna,partiaga
ambourma,zoundweogo,ourgou-maneg
amdalaye,nahouri,ouo
amene,bazega,ouindigui
amene,ziro,nandiala
amimbiri,sissili,moussodougou
amne-rimaibe,sanguie,midebdo
amsia,boulkiemde,pabre
andan,sanmatenga,komki-ipala
andekanda,namentenga,zonse
andem,bam,zoaga
andemtenga,koulpelogo,ziou
andemtenga-peulh,kouritenga,zecco
anekuy,boulgou,zamo
ankouna,kadiogo,yamba
ansolma,leraba,yaho
ansouri,comoe,yaba
antoa,nayala,wolonkoto
aorema,banwa,toeghin
aourema,bale,toece
arba-debere,sourou,tibga
arbete,mouhoun,tiankoura
arbilo,kossi,thiou
arbinda,,thion
arbole,,tensobentenga
arouem,,tenado
arouema,,tcheriba
arra,,tankougounad
arra-fulbe,,tangaye
arreel,,soudougui
assinga1,,soubakaniedo
assinga2,,sono
assio,,silly
aurel-baliguel,,sigle
ayoubakolon,,siby
aziga,,seguenega
ba,,satiri
ba-peulh,,sanga
baadnogo,,samogohiri
baaga,,sami
baaka,,safane
babakou,,rouko
babakuy,,ramongo
babdo,,rambo
babekolon,,pouni
babiere,,pobe-mengao
babirka,,poa
babirka,,perignan
babirka,,pella
babirka,,pama
babirka,,padema
bablanayou,,oury
babo,,oula
babonga,,ouessa
babora,,oueleni
babougounia,,ouarkoye
babouli,,ouargaye
babri,,ouahigouya
babrora,,oronkua
bachicorepoun,,nouna
badabie,,niou
badalgou,,niego
badara,,niabouri
badara,,nebielianayo
bade,,nanoro
badie,,namounou
badiembe,,nako
badiere,,matiacoali
badinga,,mani
badinogo,,malba
badinogo,,madouba
badinogo,,madjoari
badnogo,,loumana
badnogo,,loropeni
badnogo,,logobou
badnogo,,liptougou
badnogo,,leo
badnongo,,lena
bado,,leba
badogo,,lankoue
badone,,lanfiera
badongo,,lalgaye
badora,,la-todin
badougouya,,kyon
badourlebe,,koussouka
bafele,,kourouma
bagade,,koundougou
bagadogo,,koumbri
bagadogo,,kouka
bagadogo,,kougny
bagahokc,,koti
bagahokc,,kordie
bagala,,koper
bagali,,kona
baganapoun,,komtoega
bagane,,kompienga
bagare,,kombori
bagassi,,kirsi
bagatenga,,kindi
bagawa,,kayao
bagayalgo,,kassoum
bagayiri,,kantchari
bagbin-noungou,,kankalaba
baghin,,kalsaka
baglenga,,kain
bagma,,ipelce
bagmaskierga,,iolonioro
bagmoussa,,imasgo
bagnaba,,guiaro
bagniridouo,,gueguere
bagnontenga,,gourcy
bagoun,,gounghin
bagounsia,,gossina
bagraogo,,gomponsom
bagre,,gomboussougo
bagtenga,,gomboro
bagtogdo,,gogo
baguemnini,,godyr
baguera,,gayeri
baguiomo,,gassan
bagwokin,,garango
bagzan,,gaoua
baham,,gaongo
baheldouo,,gao
bahouan,,foutouri
bahoun,,fo
baka,,fara
bakanbougou,,fada n'gourma
bakaogo,,dourtenga
bakaribougou,,douroula
bakata,,douna
bakenao,,doumbala
bakon,,doulougou
bakou,,dolo
bakoundouba-mossi,,dokuy
bakouta,,djigouera
bakpara,,djigoue
bakuo,,djibo
balamanou,,dissin
balamba,,diguel
balambiro,,diebougou
balandagou,,didyr
balanso,,diapangou
balantira,,diapaga
balarkar,,diabo
balave,,di
balbo-peulh,,dassa
balbou,,dande
balboudi,,dalo
balbzinko,,comin-yanga
baleledo,,coalla
balemba,,cassou
balembar,,boussoukoula
baleme,,boussou
balga,,boussera
balgabouga,,bouroum-bouroum
balgo,,bourasso
balgo,,boura
balgo-zaoce,,bougnounou
balgogo,,botou
balignar,,boromo
balinga,,boni
balkuy,,bondokuy
balla,,bomborokuy
ballao,,bokin
ballerebie,,bogande
ballerebie,,bingo
balliata,,binde
balogho,,bieha
balogo,,bereba
balole,,bere
balonghin,,bekuy
bama,,batie
bama,,bassi
bama,,bartiebougou
bama,,barga
bamako,,barani
bamako,,banzon
bamasgou,,banh
bambambou,,bane
bambara,,bama
bambary,,balaye
bambe,,bakata
bambilare,,bagre
bambofa,,bagassi
bambourou,,bagare
bambrigoani,,arbole
bamguel,,andemtenga
bamguel-baguel,,boussouma 02
bamine,,bittou
bamini,,karankasso-sambla
bamloye,,namissiguima
bampela,,boussouma
bamperla,,kampti
bampouriga,,gbomblora
ban,,legmoin
ban,,kpuere
bana,,dano
bana,,bondigui
bana,,titabe
bana,,solhan
bana,,sebba
bana,,mansila
banagoubou,,boundore
banakeledaga,,tongomayel
banakelesso,,nassoumbou
banakoro,,koutougou
banakoro,,kelbo
banakoro,,baraboule
banakoro,,arbinda
banakorosso,,seytenga
banamba-ipiel,,sampelga
banamba-izir,,gorgadji
banamba-sesso,,falagountou
banamba-toma,,dori
banaorodougou,,bani
bandaga-mossi,,tin-akoff
bandaga-naba-peulh,,oursi
bandaga-peulh,,markoye
bandaokanre,,gorom-gorom
bandela,,deou
bandeo,,zitenga
bandeo-napone,,ziniare
bandiabgou,,nagreongo
bandiara,,loumbila
bandiedaga,,dapelogo
bandiedaga,,absouya
bandiedaga,,sourgoubila
bandihossi,,laye
bandikidini,,bousse
bandingui,,zoungou
bandio,,zorgho
banduo,,zam
banebanto,,salogo
banere,,mogtedo
banfoulagoue,,meguet
banga,,kogho
banga,,boudry
banga,,tougo
banga-corasbie,,koumbia
banga-tangassogo,,hounde
bangaba,,founzan
bangagou,,sindo
bangamsin,,samorogouan
bangao,,orodara
bangasse,,n’dorola
bangasse,,morolaba
bangassi,,kourinion
bangassi-bobo,,koloko
bangassi-illa,,kayan
bangassi-koro,,kangala
bangassi-kourou,,peni
bangassi-mamoudoud,,karankasso-vigue
bangassila,,faramana
bangassila,,bobo-dioulasso
bangasso,,bilanga
bangassogo,,nobere
bangassomba,,manga
bangataka,,guiba
bangataka,,tiebele
bangaye,,po
bangaye,,sapone
bangayeni,,kombissiri
bangbily,,sapouy
bangharia,,soaw
banghingo,,sabou
bangin,,koudougou
bangkiemde-bangre,,kokologho
bangkiemde-bangre,,ziga
bangleongo,,pissila
bangma,,pibaore
bangmiougou,,pensa
bango,,namissiguima 02
bangoghin,,mane
bangonagji,,korsimoro
bangou,,kaya
bangou,,dablo
bangoula,,barsalogho
bangre,,zeguedeguin
bangre,,yalgo
bangrin,,tougouri
bangrin,,nagbingou
bangrin,,dargo
banguel,,bouroum
banguel,,boulsa
banguel,,boala
banguessom,,zimtenga
banguessom,,tikare
banguissom,,sabce
banh,,nassere
bani,,kongoussi
bani,,guibare
bani,,bourzanga
bani,,yargo
bani,,pouytenga
bani,,koupela
banidjoari,,kando
banie,,dialgaye
baniel,,baskoure
banikani,,yargatenga
banikidi,,zabre
baniou,,tenkodogo
banipoule,,niaogo
banipouo,,bissiga
bankandi,,beguedo
bankartougou,,tanghin-dassouri
bankienga,,saaba
bankoni,,koubri
bankora,,komsilga
bankorosso,,sindou
bankouma,,niankorodougou
bankouma,,dakoro
bankouma,,tiefora
bankoumana,,sideradougou
bankoumani,,niangoloko
bankoumani,,mangodara
bankuy,,beregadougou
banliboara,,banfora
banlo,,tougan
banoassi,,toeni
banogo,,kiembara
banon,,dedougou
banou,,djibasso (kossi)
banou,,tansila
banouba,,solenzo
bansie,,sanaba
bantara,,poura
bantarga,,pâ
bantienima,,bana
bantogdo,,
bantoini,,
bantole,,
bantombo,,
bantouankpeba,,
bantougri,,
banwali,,
banwela,,
banyera,,
banyida,,
banzon,,
bao,,
baobokin,,
baoghin,,
baoguin,,
baonroure,,
baoudoumboin,,
baouiga,,
baouiga-yorgo,,
bapania,,
bapla,,
bapla-birifor,,
bapore,,
baporo,,
bara,,
bara,,
bara-yankasso,,
baraboule,,
baragho,,
barama,,
baranguira,,
barani,,
barantiangou,,
barao,,
bardiadeni,,
bare,,
bare,,
barelgo,,
barga,,
barga,,
barga-mossi,,
barga-peulh,,
barganse,,
barganse-peulh,,
bargare,,
bargo,,
bargo,,
bargo,,
bargo,,
barhiaga,,
baribsi,,
baribsi,,
barikala,,
barimagou,,
barindia,,
barkeperena,,
barkoudouba,,
barkoura,,
barkoura,,
barkpera,,
barkuitenga,,
barkuy,,
barla,,
barma-mossi,,
barma-yarce,,
barogo,,
barouli,,
barpoa,,
barra,,
barre,,
barro,,
barsa,,
barsalogho,,
barse,,
barsera,,
bartiaga,,
bartiboagou,,
bartiebougou,,
bartiebougou-peulh,,
barwagdin,,
basbatenga,,
basbedo,,
basbedo,,
basbedo,,
basbedo,,
basberike,,
bascoma,,
bascouda,,
basgana,,
basgouema,,
baskare,,
baskondo,,
baskouda,,
baskoudre-mossi,,
baskoudre-peulh,,
baskoure,,
baskoure,,
basma,,
basnere,,
basnere,,
basnere,,
basnere,,
basnere,,
bassabliga,,
bassagoulo,,
bassam,,
bassambily,,
bassan,,
bassana,,
bassantinga,,
bassaouassa,,
bassare,,
bassawarga,,
basse,,
basse,,
basse-fulbe,,
basseko,,
bassemkoukouri,,
bassemyam,,
bassi,,
bassieri,,
bassindingo,,
bassintare,,
bassouan,,
bassoungoro,,
bastioua,,
baszaido,,
basziri,,
basziri,,
batanga,,
bate,,
batenga,,
batiara,,
batibogou,,
batie-ble,,
batiele,,
batiene,,
batinga,,
batondo,,
batono,,
batoungouana,,
battiti,,
batto,,
bavigue-ka,,
bavila,,
bavohoun,,
bawe-bininbom,,
bawe-dara,,
bawenne,,
bayandi,,
bayandi,,
bayandi,,
baye,,
bayeldiaga,,
bayendfoulgo,,
bayentori,,
bazawara,,
bazena,,
bazilakoa,,
bazoule,,
bebougou,,
beboula,,
beda,,
bediteon,,
bedogo-nabiga,,
bedogo-silmissi,,
beguedo,,
beguedo-peulh,,
beguele,,
beguemdere,,
beguentigue,,
beguentigui,,
beiga,,
beka,,
beka,,
bekapore,,
bekeyou,,
bekora,,
bekora-kpantionao,,
bekoro,,
bekotenga,,
bekoure,,
bekuy,,
bekuy,,
belayerla,,
belce,,
beldiabe,,
bele,,
bele,,
belegagnague,,
belegre,,
belehede,,
belel-seno,,
belem-balou,,
belembaoghin,,
belemboulghin,,
belemgnoubli,,
belemkangrin,,
belga,,
belgou,,
belgou,,
belgue,,
belhouro,,
belinayou,,
bellagaoudi,,
bellare,,
bellare,,
bellare,,
bellogo,,
belmin,,
bema-mossi,,
bema-silmi-mossi,,
bembela,,
bemh,,
ben,,
bena,,
bena,,
bendatoega,,
bendogo,,
bendogo,,
bendogo,,
bendogo,,
bendogo,,
bendogo,,
bendogo,,
bendogo-peulh,,
bendougou,,
bene,,
benega,,
beneyou,,
benfoaka,,
benhourgou,,
benkadi,,
benkoko,,
benna,,
benna,,
benvar,,
benya,,
benya-peulh,,
bepoidyr,,
bere,,
bereba,,
beregadougou,,
berenga-foulbe,,
berenga-mossi,,
berenga-silmi-mossi,,
berenkuy,,
berkoue,,
besseme,,
betare,,
betiessan,,
beto,,
betta,,
beuguemdre,,
beune,,
bevougane,,
beybaye,,
biale,,
bianargou,,
biba,,
bibiou,,
bida,,
bidardouo,,
bidi,,
bidi,,
bidi,,
bidi,,
bidi,,
bidigou,,
bidougou,,
bidy,,
bidy,,
bieha,,
bielmira,,
bigtogo,,
biguelle,,
biguimnoghin,,
biguissi,,
biho,,
bihoun,,
bik-baskoure,,
bilamperga,,
bilamperga-peulh,,
bilanga,,
bilanga-yanga,,
bilanga-yanga-peulh,,
bilanghin,,
bilankongo,,
bilatio,,
bilbale,,
bilbalogo,,
bilbalogo,,
bile,,
bilemtenga,,
bilgo,,
biliga-fulbe,,
biliga-mossi,,
biliguimtenga,,
bilinga,,
bilkaradie,,
bilkoundi,,
billy,,
bilogtenga,,
binadeni,,
binde,,
bindere,,
bingane,,
bingla,,
bingo,,
bingo,,
bingo,,
binguel,,
binguel,,
bini,,
biniou,,
binissira,,
binkola,,
binsboumbou,,
binseo,,
binstigre,,
binte,,
bioforo,,
bion,,
bira,,
birdininga,,
birgondogo,,
birgui,,
birira,,
biron-bobo,,
biron-marka,,
birou,,
bisboumbou,,
bisma,,
bisraaga,,
bissa,,
bissa,,
bissan,,
bissanderou,,
bissaya,,
bisserke,,
bissiga,,
bissiga,,
bissiga,,
bissiga,,
bissiga,,
bissiga,,
bissiga,,
bissiga,,
bissiga,,
bissiga,,
bissiga,,
bissiga-mossi,,
bissiga-peulh,,
bissiga-peulh,,
bissiga-yarce,,
bissiga-yarce,,
bissigaye,,
bissighin,,
bissighin,,
bissighin,,
bissiguin,,
bissiguin,,
bissiguin,,
bissinogo-peulh,,
bissiri,,
bisso,,
bissou,,
bitiako,,
biton,,
bitoungou,,
bittin,,
biyene,,
bladi,,
ble,,
bledougou,,
bleni,,
blesso,,
bloc-avv-v1,,
bloc-avv-v2,,
bloc-avv-v3,,
bloc-avv-v4,,
bo,,
boadeni,,
boadoma,,
boakla,,
boala,,
boala,,
boala,,
boalbigou,,
boaligou,,
boalin,,
boalin,,
boalin,,
boalin,,
boalin,,
boalla,,
boalla,,
boanekuy,,
boangtenga,,
boangtenga-peulh,,
boare,,
boassa,,
boassan,,
boassome,,
bobera,,
bobomondi,,
bobora,,
boborola,,
bobou,,
bobra-gogo,,
bodana,,
bodiadougou,,
bodiaga,,
bodialedaga,,
boebango,,
boena,,
boenevouhoun,,
bofian,,
bognateon,,
bognori,,
bogo,,
bogo,,
bogo,,
bogodin,,
bogole,,
bogonam,,
bogonam-foulbe,,
bogote,,
bogoumissi,,
bogoya,,
bogre,,
boh,,
bohero,,
boho,,
boho-beraba,,
boho-kari,,
boilghin,,
boinkoubouga,,
bokin,,
bokin,,
bokin,,
bokin-koudgo,,
boko,,
boko,,
bokoro,,
bokou,,
bokuy,,
bokuy,,
bokuy,,
bokuy,,
bokuy,,
bokuy-ouest,,
boladouo,,
boli,,
boliel,,
bolkiba,,
bolkpe,,
bolle,,
bolle,,
bolo,,
bologo,,
bolomakote,,
bolongo,,
bolontou,,
bom,,
bomba,,
bombara,,
bombi,,
bomboel,,
bomboila,,
bombontangou,,
bombontiangou,,
bombonyenga,,
bombora,,
bombore,,
bombore,,
bombore,,
bombore,,
bombore,,
bombore,,
bombore,,
bomborokuy,,
bomhiri,,
bominasso,,
bomonti,,
bompela,,
bon,,
bona,,
bona,,
bonam,,
bonapio,,
bonda,,
bondaogtenga,,
bondbila,,
bonde,,
bondigui,,
bondioguin,,
bondo,,
bondokoro-dioula,,
bondokoro-dogosse,,
bondokuy,,
bondomena,,
bondomina,,
bondora,,
bondorola,,
bonfateon,,
bonfesso,,
bonga,,
bonga,,
bonga,,
bongola-marence,,
bongola-mossi,,
boni,,
bonikuy,,
bonko,,
bonko-dagbola,,
bonko-perou,,
bonkolou,,
bonkolou,,
bonkolou-tolkahoun,,
bonkore,,
bonkorowe,,
bonkossera,,
bonkuy,,
bonnessin,,
bonogo,,
bonou,,
bonoua,,
bonro,,
bonse,,
bonsiega,,
bonsin-dagoule,,
bonsomnore,,
bonsrima,,
bontara,,
bontegou,,
bontioli,,
bonyolo,,
bonzan,,
bonzan-pougouli,,
bonzawa,,
bonzon,,
boom,,
boore,,
boore,,
bopiel,,
bopta,,
borekuy,,
borguende,,
bori,,
bori-kouladori,,
boro,,
boro,,
borodougou,,
borogo,,
borohir,,
boromissi,,
boromtinga,,
boron,,
boron,,
boroni,,
bortore,,
bosse,,
bossey,,
bosseye-barabe,,
bosseye-dogabe,,
bosseye-etage,,
bossia,,
bossie,,
bossien,,
bossoangri,,
bosson,,
bossongri,,
bossongri,,
bossongri,,
bossora,,
bossori,,
botan,,
boto,,
botogo,,
botontonga,,
botoro,,
botou,,
botte,,
bottogui,,
bottou,,
bou,,
bou,,
bouahoun,,
bouakuy,,
bouan,,
bouan,,
bouanga,,
bouara,,
boubou,,
bouboudi,,
bouboulou,,
bouboura,,
boudabga,,
boudangou,,
boudangou,,
boudangou,,
boudeo,,
boudierghin,,
boudieri,,
boudou,,
boudoughin,,
boudoumouma,,
boudounguel,,
boudry,,
boudry-peulh,,
boudtenga,,
boudtenga,,
bouem,,
bouende,,
bouende,,
bouere,,
bouga,,
bouga,,
bougagnonon,,
bougla,,
bougnounou,,
bougou,,
bougoula,,
bougoumbarga,,
bougounam,,
bougoure,,
bougoure,,
bougre,,
bougre,,
bougre,,
bougreboko,,
bougretenga,,
bougue,,
bougui,,
boui-boui,,
bouidi,,
boukairo,,
boukantie,,
boukargou,,
boukari,,
boukeo-birifor,,
boukere,,
boukessi,,
boukou,,
boukouin,,
bouktenga,,
boukuy,,
boula,,
boulala,,
boulare,,
boulba,,
bouldie,,
boule,,
boule-dabore,,
boule-gala,,
bouleguegue,,
boulel,,
boulemporo,,
boulena,,
bouleo-lobi,,
bouleyande,,
boulga,,
boulga,,
boulgatenga,,
boulghin,,
boulgou,,
boulgou,,
boulgou,,
boulguin,,
boulguin,,
boulhiba,,
bouli,,
bouli,,
bouli,,
bouli,,
boulignora,,
boulikessi,,
boulimbie,,
boulkon,,
boulkpan,,
boulle,,
boullel,,
boulma,,
boulmanga,,
boulmiougou-mossi,,
boulmiougou-peulh,,
boulmoangou,,
boulmontchangou,,
boulmonteon,,
boulmontougou,,
boulnoma,,
boulo,,
bouloboye,,
boulompera,,
boulou,,
boulougou,,
bouloulou,,
bouloum,,
bouloumbougdi,,
boulounga,,
boulounga,,
boulounsi,,
bouloye,,
bouloye,,
bouloye,,
boulpon,,
boulpore,,
boulsbaongo,,
boulsin,,
boulsin,,
boulsin,,
boulsin,,
boulskoum,,
boulwando,,
boulyende,,
boulyoghin,,
boulzoma,,
boum,,
boumbin,,
boumdoudoum,,
boumeo,,
boumie,,
boumpoa,,
boumtenga,,
boun,,
bouna,,
bouna,,
bouna,,
bouna,,
bouna,,
boundore,,
boundou,,
boundou-woudoundou,,
boundoudoum-zougo,,
boundougnoudji,,
boundoukamba,,
bounga,,
boungou,,
boungou,,
boungou,,
boungou,,
bouni,,
bouni,,
bounomtore,,
bounou,,
bounou,,
bounou,,
bounouba,,
bounoubara,,
bountara,,
bouo,,
bouogou,,
boupiena,,
boupienga,,
boupienga,,
boupiengou,,
boura,,
boura,,
boura,,
boura,,
boura,,
boura,,
bourasso,,
bourateon,,
bourawali,,
bourba,,
bourbo,,
boure,,
bouressa,,
boureye,,
boureye,,
bourgou,,
bourgou,,
bouri,,
bouri,,
bouri,,
bouria,,
bourio,,
bourio-gan,,
bourma,,
bourma,,
bourma,,
bouro,,
bouro,,
bouro,,
bourou,,
bourou,,
bourou,,
bourou,,
bouroum,,
bouroum-bouroum,,
bourouma,,
bourpangou,,
boursouma,,
bourzanga,,
bourzem,,
bourzoaga,,
bouskomi,,
bouskoudougo,,
boussanra,,
boussanra,,
boussera,,
boussirabogo,,
boussou,,
boussougou,,
boussoukoula,,
boussoum,,
boussoum,,
boussouma,,
boussouma,,
boussouma,,
boussouma,,
boussouma-peulh,,
boussoura,,
boussoure,,
boutaya,,
boutiourou,,
boutoko,,
boutonou,,
boutontou,,
boutouanou,,
bouya,,
bouyague,,
bouyoua,,
bouzourou,,
bow,,
bozo,,
bozogo,,
brambera,,
brebie,,
bredie,,
brimonga,,
bro-silapoa,,
burkinao,,
carimama,,
carrefour,,
cassou,,
cella,,
cella,,
charam-charam,,
chokoro,,
cinkanse,,
cissa,,
cisse,,
cisse,,
cisse-yarce,,
cissegue,,
cissin,,
coalla,,
coewinga,,
combemgogo,,
comboari,,
comin-yanga,,
comonli,,
complan,,
cora-lo,,
coumpougoubie,,
da,,
da,,
da,,
dabare,,
dabare,,
dabega,,
dabere,,
dabesma,,
dabesma,,
dabilgou,,
dabla,,
dablara,,
dablo,,
daboadin,,
daboala,,
dabodin,,
dabogo,,
dabogtinga,,
dabokiri,,
dabokry,,
dabole,,
dabori-pari,,
dabossomnore,,
daboui,,
daboulga,,
daboura,,
daboura,,
daboura,,
dabozir,,
dacisse,,
dacisse,,
dadjou,,
dadone,,
dadoune,,
dadounga,,
daffole,,
dafina,,
dafinso,,
dafire,,
daga,,
dagale,,
dagamtenga,,
dagamtenga,,
dagban,,
dagbilin,,
dagho,,
dagninikorosso,,
dagnoro,,
dagomkom,,
dagou,,
dagouma,,
daguilma,,
daguintoega,,
dahangou,,
dahisma,,
daho,,
dahore,,
dain-maissara,,
daka,,
dakaongo,,
dakayes,,
dake,,
dakena,,
dakiecma,,
dakiegre,,
dakira,,
dakiri,,
dakiskiema,,
dakola,,
dakola,,
dakole,,
dakoni,,
dakonsin,,
dakonsin,,
dakore,,
dakoro,,
dakoula,,
dakouli,,
dakoura,,
dakouteon,,
dakpolo-folapouo,,
dakpolo-gompar,,
dakuy,,
dalamba,,
dalamiera,,
dalampouo,,
dalampour,,
dalangbara,,
dalgane,,
dalinga,,
dalla,,
dallera-helmira,,
dalo,,
dalo,,
daltenga,,
daman,,
damana,,
damanadiao,,
damandigui,,
damane,,
damba,,
dambam,,
dambam,,
dambatao,,
dambini,,
dambougare,,
dambouguel,,
damdegou,,
damgagui,,
damigoghin,,
damiougou,,
damkarko,,
damkieta,,
damongto,,
dampan,,
dampela,,
damsi,,
damzoussi,,
damzoussi,,
dan,,
dan,,
dana,,
dana,,
dana,,
danagnara,,
danamiara,,
danaogo,,
danaoua,,
danaoua,,
danbiti,,
danbiti,,
dandambara,,
dande,,
dandio,,
dandougou,,
dandougou,,
danekuy,,
danfi-dagara,,
danfi-nuni,,
danfina,,
dangade,,
dangbal,,
dangbara,,
dango,,
dangouindougou,,
dangoumani,,
dangouna,,
dangue,,
danhal,,
danhal-kpangara,,
danhal-pera,,
dani,,
danie,,
daniema,,
dankana,,
dankana-ipala,,
dankana-nabagone,,
dankanao,,
dankari,,
danko-tanzou,,
dankoble,,
dankoumana,,
dankuy,,
dankuy,,
dano,,
danou,,
dantchadi,,
dantiera,,
dantiere,,
danwassara,,
dao,,
daogo,,
daouirba,,
dapala,,
dapelgo,,
dapelgo,,
dapelogo,,
dapera,,
dapili,,
dapladio,,
dapola,,
dapolo,,
dapoury,,
dar-es-salam,,
dara,,
darba,,
darbilin,,
dare,,
darga,,
dargo,,
dargouma,,
darigma,,
darigma,,
darkoa,,
darkoye,,
darkoye,,
darodine,,
darou,,
darounkayrou,,
darsalam,,
darsalam,,
darsalam,,
darsalam,,
darsalam,,
darsalam,,
darsalamy,,
dasamlagfo,,
dasmesma,,
dassa,,
dassambimba,,
dassambin,,
dassamkande,,
dassanga,,
dassara,,
dassari,,
dassi,,
dassimpouigo,,
dassoui,,
datambi,,
datomo,,
datougou,,
dattou,,
daumogomde,,
dawaka,,
dawaka,,
dawanegomde,,
dawanegomde,,
dawega,,
dawelgue,,
dawera,,
dayagretenga,,
dayasmnore,,
dayasmnore,,
dayede,,
dayere,,
dayoubsi,,
dazankiema,,
dazanre,,
dazanrin,,
daze,,
dazinre,,
dazouba,,
dazouri,,
debe,,
debe,,
debentia,,
debere,,
debere,,
debere,,
debere,,
debere,,
debere-douman,,
debere-ling,,
debere-nangue,,
debeyel,,
dedera,,
dega,,
degue-degue,,
deguele,,
deibanga,,
deibanga,,
deibere,,
deina,,
dekouda,,
delba,,
delga,,
delga,,
delguin-yarce,,
delouteon,,
dem,,
dema,,
demapouin,,
dembelela,,
dembila-mossi,,
dembila-peulh,,
dembo,,
dembrediesse,,
demni,,
demniol,,
demtou,,
denean,,
deneon,,
denga,,
denissa-marka,,
denissa-mossi,,
denkoro,,
deou,,
derbar,,
dere,,
dere,,
deregouan,,
deregoue,,
deregoue,,
derga,,
dergane,,
derhogo,,
derpon,,
desse,,
desse,,
desso,,
di,,
diabatou,,
diabatou,,
diabiga,,
diabo,,
diabonli,,
diadori,,
diafouanou,,
diagadere,,
diagargou,,
diagatao-mossi,,
diagatao-rimaibe,,
diagnon,,
diagourou,,
diaka,,
diakarga,,
diakarga-peulh,,
dialafanka,,
dialakoro,,
dialakoro,,
dialgaye,,
dialla,,
diallo,,
diamahoun,,
diamanga,,
diamanga,,
diamasso,,
diambile,,
diamdiara,,
diamdiara,,
diamoanyouli,,
diamon,,
dian,,
dian,,
diana,,
dianalaye,,
dianga,,
dianga,,
diangaie,,
diangara,,
dianghin,,
diangou,,
diankonga,,
diankongou,,
diankonli,,
diankoudoungou,,
dianle,,
dianra,,
diansi,,
dianthou,,
dianzoe,,
diao,,
diaounga,,
diapangou,,
diapangou-peulh,,
diapoadougou,,
diara,,
diarabakoko,,
diaradougou,,
diarakorosso,,
diare,,
diarkadougou,,
diarra,,
diarra,,
diarra-betongo,,
diarradougou,,
diassa,,
diassaga,,
diassanga,,
diassara,,
diasser,,
diatou,,
diattara,,
diaya,,
dibgho,,
dibien,,
dibilou,,
dibissi,,
dibli,,
didcomba,,
didie,,
didie,,
didiemba,,
didri,,
didro,,
didyr,,
die,,
diebe,,
diebiro,,
diebroudouo,,
diefoula,,
diegbala,,
diegbanao,,
diekan,,
diekuini,,
diekuy,,
diela,,
diele,,
dielkou,,
diella,,
dieme,,
diena,,
dienbende,,
dienbende-diori,,
dienemena,,
dienwely,,
diepo,,
diere,,
dieri,,
dieri,,
dierisso,,
dierisso,,
dierko,,
dierma,,
difitara,,
digani,,
digre,,
diguel,,
diguel,,
diguila,,
dikomtinga,,
dikpere,,
dima,,
dimboro,,
dimenemina,,
dimianema,,
dimibo,,
dimikuy,,
dimistenga,,
dimkoura,,
dimolo,,
dimpaltenga,,
dimpaltenga-peulh,,
dimtenga,,
dimvousse,,
din,,
dina,,
dina,,
dinalaye,,
dinaoro,,
dindeogo,,
dinderesso,,
dindiaradougou-nemato,,
dindirgui,,
dindou,,
dingasso,,
dingasso,,
dingasso,,
dingla,,
dinguila-peulh,,
dinguilgua,,
dinguiri,,
dininemina,,
dinkabra,,
dinkiena,,
dintolo,,
dio,,
dio,,
dio,,
diobbou,,
diofoloma,,
diogora,,
diogota,,
diole,,
diolompo,,
diomanidougou,,
diomena,,
diomsogui,,
diona,,
diondione,,
diondougou,,
dionfirga,,
diongolo,,
dionkele,,
dionkongo,,
dionouna,,
dionsera-birifor,,
dionsera-lobi,,
dionso,,
diontala,,
diori-yagha,,
dioro,,
dioro-folgou,,
diosso,,
diossogo,,
diou,,
diouga,,
diougou,,
dioumouon,,
dioungodio,,
diourao,,
diouroum,,
dipeo,,
dipienga,,
dira,,
dirihore,,
dirlakou,,
dirze,,
dissa,,
dissankuy,,
dissi,,
dissiam,,
dissieton,,
dissin,,
dissini,,
dissomey,,
divolet,,
diyou,,
djallo,,
djamkolga,,
djamo,,
djandoro,,
djanga,,
djansia,,
djantiogo,,
djaoutel,,
djassa,,
djatakoro,,
djayel,,
djegbanao,,
djegonao,,
djem,,
djepera,,
djianvour,,
djibali,,
djibasso,,
djibondi,,
djide,,
djieguerinto,,
djiengue,,
djiepera,,
djigo,,
djigouan,,
djigoue,,
djigouema,,
djigouera,,
djigouera,,
djika,,
djikando,,
djikologo,,
djimagli,,
djimbara,,
djin,,
djindjerma,,
djinfoaga,,
djinko,,
djipla,,
djissasso,,
djoari,,
djoari,,
djondougou,,
djonlera,,
djora,,
djotoulela,,
djoungbal,,
djounkargo,,
djui,,
doaligou,,
doaligou,,
doanghin,,
dobena,,
dobile,,
dobougou,,
dodola,,
dodougou,,
dodougou,,
doffi,,
doga,,
dogberpari,,
dogna,,
dogomnogo,,
dogossesso,,
dogotelama,,
dogtenga,,
dogtenga,,
doh,,
doh,,
dohoun,,
dohoure,,
dokita,,
dokoura,,
dokuy,,
dola,,
dolindia,,
dolle,,
dollo-tangassogo,,
dolo,,
doloba,,
dolonsie,,
dolonyoura,,
dombiere,,
dombre,,
domoni,,
dompo,,
domser,,
don,,
donafara,,
doncin,,
dondolle,,
dondombene,,
dondoulma,,
done,,
donfara,,
dongdona,,
dongo,,
donka,,
donko,,
donko-tambili,,
donkomena,,
donkoro,,
donkua,,
donombene,,
donon,,
donre,,
donsene,,
donsene-yarce,,
donsin,,
donsin,,
donsin,,
donsin,,
donsin,,
donssiere,,
dora,,
dore,,
doria,,
doro,,
doro,,
dorokuy,,
dorona,,
dorongou,,
dorossiamasso,,
dosborgo,,
dossa,,
dossa-badala,,
dossa-bourondi,,
dossi,,
dotoka,,
dou,,
douaba,,
douabie,,
douaga,,
douamtenga,,
doubale,,
douban,,
doubare,,
doubguin,,
doubguin-ouantarghin,,
doubiti,,
doubtchari,,
doudou,,
doudou,,
doudou,,
doudou-birifor,,
doufien,,
doufiguisso,,
doufouanou,,
dougasso,,
dougou,,
dougoudioulama,,
dougoumato,,
dougoumato,,
dougouri-ouidi,,
dougre,,
doukbole,,
doule,,
doulou,,
doulougou,,
douloulcy,,
douloumba,,
douma,,
douma,,
doumakele,,
douman,,
doumasser,,
doumbala,,
doumbassa,,
doumbou,,
doumbourla,,
doumbouro,,
doumien,,
doumoukera,,
doumouole,,
doumpoabie-tangassogo,,
doun,,
douna,,
doundegue,,
doundoubangou,,
doundoudougou,,
doundougou,,
doundougou,,
doundouni,,
doungou-nabitenga,,
doungouma,,
dounkomina,,
dounkora,,
dounkora,,
dounkora,,
dounkou,,
dounkoura,,
dounousso,,
dountela,,
dountelo,,
douotaon,,
doure,,
doure,,
doure,,
doure,,
doure,,
doure,,
doure,,
doure,,
doure,,
doure,,
doure,,
doure,,
doure,,
doure,,
doure-yarce,,
douro,,
dourou,,
douroukou,,
douroula,,
dourtenga,,
doussare,,
doussi,,
doussoula,,
doutie,,
doutinga,,
dowendou,,
doyana,,
doyana,,
doyana,,
doyera,,
dramandougou,,
driko,,
du,,
du,,
duo,,
duowakuy,,
edie,,
ekeou,,
ekoulkoala,,
elfora,,
elinga,,
enaba,,
essakane,,
essakane,,
essapoun,,
etouaya,,
faaga,,
fabedougou,,
fadar-fadar,,
fadar-fadar,,
fadio,,
fadio,,
fadio-mepeen,,
fadona,,
fafasso,,
fafo,,
fakouna,,
falagountou,,
falguin,,
fallou,,
fama,,
fama,,
famberla,,
famiagara,,
fanfangou,,
fanfiela,,
fangou,,
fanian,,
fanka,,
fankara,,
fantiangou,,
fantou,,
fanwargou,,
faon,,
faougodo,,
fara,,
fara,,
faradjan,,
farakoba,,
farakorosso,,
farakouora,,
farakuy,,
farakuy,,
faramana,,
faramouna,,
faranga,,
farba,,
faro,,
faso-benkadi,,
fassaladougou,,
fatin,,
fatouri,,
fegue,,
felenga,,
felenga-fulbe,,
felewe,,
feneguene,,
ferel,,
fererio,,
ferkane,,
fetary,,
fetekoba,,
feterde,,
feto-dana,,
fetobarabe,,
fetombaga,,
fetombale,,
fetonada,,
fetorane,,
fidialare,,
fido,,
fieezon,,
fien,,
fignana,,
filakora,,
filande,,
fili-fili,,
filiba,,
filio,,
filly,,
fina,,
fing,,
finga,,
fingla,,
fini,,
finlande,,
firka,,
firougou,,
fitien,,
fitingue,,
fo,,
fobiri,,
fobri,,
fofara,,
fofina,,
fofora,,
fogoutte,,
folbombouga,,
folbongou,,
folgou,,
foloni,,
folonzo,,
folpodi,,
fomofesso,,
fonghin,,
foni-boronkin,,
forgui,,
formou,,
foroteon,,
fottigue,,
fouamboanli,,
fouankuy,,
foube,,
foufou,,
fouga,,
fougangoue,,
foulasso,,
foulba,,
foulbado-mossi,,
foulbe,,
foulgo,,
foulgo,,
foulgou,,
foulla,,
foulou-yarce,,
fouly,,
foumbira,,
foumera,,
founa,,
founfouna,,
foungou,,
founzan,,
foura,,
fourbira,,
fourgo,,
fourkoura,,
fourkoussou,,
fourma,,
foursa,,
foutanga,,
foutara,,
fouti,,
foutiri-peulh,,
foutrigui,,
gaboali,,
gaboassi,,
gabonli,,
gabou,,
gabou,,
gabouga,,
gacoula,,
gademtenga,,
gadghin,,
gadiouga,,
gado,,
gagara,,
gagara,,
gagare,,
gagnime,,
gagou,,
gah,,
gaigou,,
gaik-goata,,
gairo,,
gala,,
galgouli,,
galire,,
galla,,
gallo,,
gam-silimimosse,,
gama,,
gamadougou,,
gamala,,
gambaaga,,
gambaghin,,
gambo,,
gambo,,
gamboudeni,,
gamgbo,,
gampela,,
gampougdo-peulh,,
gan,,
gan,,
gana,,
ganagoulo,,
ganagoulo,,
gandado,,
gandafabou-guelgobe,,
gandafabou-kelwele,,
gandaogo,,
gandemtenga,,
gandeongo,,
gandeongo-bogodin,,
gandi,,
gandi,,
gandin,,
gandin,,
gando,,
gando,,
gangalinti,,
gangalma,,
gangana,,
gangani,,
gangaol,,
gangargui,,
gangasse,,
gani,,
gani,,
gankouna,,
ganso,,
ganta,,
gantin,,
gantodogo,,
gantogodo,,
ganwoko,,
ganzaga,,
ganzaga,,
gao,,
gaoga,,
gaon,,
gaonghin,,
gaongo,,
gapar,,
garance,,
garanga,,
garbongou,,
garbougou,,
gardere,,
garga,,
gargaboule,,
gargaoua-peulh,,
gargassa,,
garghin,,
gargo,,
garou,,
garpene,,
garpieni,,
garwende,,
gasdonka,,
gaselnaye,,
gasgo,,
gaskaye,,
gaskinde,,
gaskinde,,
gaskom,,
gasma,,
gasongo,,
gassan,,
gassel,,
gassel,,
gasseliki,,
gasselkoli,,
gasselpate,,
gasseltepaoua,,
gassin,,
gassingo,,
gassougou,,
gastoega,,
gatougou,,
gbadora,,
gbadora-tiopanao,,
gbakonao,,
gbalara,,
gbangbadoteon,,
gbangbankora,,
gbantara,,
gbatari,,
gbedissaga,,
gbelfelela,,
gbingbina,,
gbingue,,
gbokora,,
gbolo,,
gbomblora,,
gbomblora-kpena,,
gbon,,
gbonflera,,
gbongane,,
gbongbo-zodoun,,
gbonko,,
gbonkolou,,
gbonkoro,,
gbonsera,,
gboulougnorra,,
gho,,
ginsenayou,,
gnadia,,
gnafongo,,
gnagdin,,
gnaminadougou,,
gnangbalandouo,,
gnanghin,,
gnansou,,
gnaoue,,
gnassoumadougou,,
gnegneogo,,
gnekouneta,,
gnelintara,,
gnetaya,,
gnifoagma,,
gnigbaman,,
gnignana,,
gnikpiere,,
gnimanou,,
gnimassoum-foulbe,,
gnimbare,,
gnimdi,,
gnimi,,
gnimini,,
gnimitenga,,
gnimpiendi,,
gnindekuy,,
gnindi,,
gninfoagma,,
gninga,,
gninga,,
gninsonguin,,
gnipiema,,
gnitegba,,
gnobtenkoagou,,
gnogzinse,,
gnouambouli,,
gnoumakuy,,
gnoyora,,
go,,
goa,,
goabga,,
goala,,
goala,,
goangoana,,
goaragui,,
goassa,,
gobila,,
gobila,,
goby,,
gode,,
godin,,
godin,,
godin,,
godin-oualogtinga,,
godjir,,
godo,,
godo,,
godyr,,
goema,,
goenega,,
goera,,
goersa,,
goeya,,
gofila,,
goghin,,
goghin,,
goghin,,
goghin,,
goghin,,
goghin,,
goghin,,
goghin,,
goghin,,
gogho,,
gognon,,
gogo,,
gogo,,
gogo,,
gogoma,,
gogombiro,,
gogse,,
goguin,,
goin,,
goko,,
goko,,
gollo,,
golmidou,,
gomasgo,,
gombar,,
gombele,,
gombeledougou,,
gombio,,
gombo-bourfou,,
gombogo,,
gombogo-peulh,,
gombombiro,,
gomboro,,
gombre,,
gombre,,
gombre,,
gomd'hiri,,
gomde-fulbe,,
gome,,
gomin,,
gomkoro,,
gomnaore,,
gomo,,
gomogho,,
gomonsgou,,
gompare,,
gompelgo,,
gomponsom,,
gomtenga,,
gon,,
gon,,
gonadaouri,,
gonbie,,
gonbirera,,
gonboussou,,
gonce,,
gonde-mossi,,
gondekoube,,
gondogo,,
gondogo,,
gondre,,
gonga,,
gonga,,
gongombili-gongone,,
gongombili-kpovera,,
gongombili-paboulona,,
gongombili-yefara,,
gongomboulo,,
gongonboulo,,
gongondi,,
gongone,,
gongone,,
gongongou,,
gongonkar,,
gongontiano,,
gongontionao,,
gongorgou,,
gongorgouol,,
gongoura,,
goni,,
goni,,
gonkin,,
gonna,,
gonon,,
gonre,,
gonse,,
gonse,,
gonse,,
gonse,,
gonsin,,
gonsin,,
gonsin,,
gonsin,,
gontiedougou,,
googho,,
gora,,
goran,,
gorbelle-peulh,,
gorbilin,,
gordaga,,
gorel,,
gorgadji,,
gorgane,,
gorgare,,
gorgo,,
gorgouin,,
gorguel,,
gori,,
gori,,
gori,,
gorin,,
gorin,,
gorkassinghin,,
gorki,,
gorombouli,,
goron,,
goronga,,
gorongorona,,
gorouel,,
gorouol,,
gorouol,,
gorpouly,,
gosbila,,
goseye-site,,
goseye-village,,
gossamandara,,
gossina,,
gosson,,
gossore,,
gotakpoulala,,
gotogou,,
gou,,
gouadiga,,
gouamba,,
gouandougou,,
gouapegue,,
goubi,,
goubla,,
goubre,,
goudayere,,
goudou,,
goudoubo,,
goudri,,
goudrin,,
goue,,
gouengo,,
gouera,,
gouere,,
gougogo,,
gougouriko,,
gougre,,
gouim,,
gouin-gouin,,
gouindougouba,,
gouindougouni,,
gouingo,,
goulagon,,
goulagou,,
goulanda,,
goulgo,,
goulgountou,,
goulgountou,,
goulguin-yarce,,
gouli,,
goulli,,
goulmodjo,,
goulo,,
gouloure,,
gouloure,,
goumba,,
goumi,,
goumogo,,
goumou,,
goumpologo,,
goumsa,,
goumse,,
goumsi,,
goumsin,,
goumtoaga,,
goun,,
gounda,,
goundere,,
goundi,,
goundou,,
goundrin,,
goundry,,
gounga,,
goungam,,
goungha,,
gounghin,,
gounghin,,
gounghin,,
gounghin-grand,,
gounghin-petit,,
goungla,,
goungo,,
goungre,,
goungre,,
gounguin,,
gouni-peulh,,
gounia,,
gounian,,
gountawola,,
gountoure,,
gountoure,,
gountoure,,
gountoure-gnegne,,
gountoure-kiri,,
goupana,,
gouran,,
gourara,,
gourbala,,
gourbare,,
gourbassa,,
gourcy,,
gourcy-tenga,,
gourel-niebe,,
gourgou-samandi,,
gouri,,
gourkpe-soum,,
gourongo,,
gourongo,,
gourou,,
gouroumbila,,
gourpila,,
gourpouo,,
goussi,,
goussirdou,,
goutoula,,
gouyale,,
goyenga,,
gozi,,
grand-bale,,
guedanga,,
guefourgou,,
gueguere,,
guela,,
guelkoto,,
guella,,
guelou,,
guelwongo,,
guelwongo,,
guemsaongo,,
guemsogo-yarce,,
guena,,
guenda,,
guende,,
guenien,,
guenin,,
guere,,
guere-goghin,,
guesna,,
guessel,,
guessere,,
guessoum,,
guessoum,,
gueswende,,
gui,,
guia,,
guian,,
guiaro,,
guiba,,
guiba,,
guibare,,
guibtenga,,
guide,,
guide,,
guidere,,
guidgretinga,,
guidissi,,
guido,,
guiedougou,,
guiemssim,,
guiendbila,,
guiguemtinga,,
guigui,,
guiguima,,
guiguine,,
guilakoura,,
guilan,,
guilegnora,,
guilguin,,
guilla,,
guillan,,
guille,,
guilyende,,
guimba,,
guimbissenao,,
guimboari,,
guimou,,
guingale,,
guini,,
guinoama,,
guinsa,,
guipa,,
guirgo,,
guirgo,,
guirgo,,
guiriguiri,,
guirina,,
guirmogo,,
guirse,,
guisma,,
guissangou,,
guitanga,,
guitanga,,
guitti,,
guizigoron,,
haaba,,
haba,,
habanga,,
habe,,
habre,,
haho,,
haini,,
hakoundel,,
halahera,,
hamayala,,
hamdalaye,,
hamdalaye,,
hamdalaye,,
hamele,,
hamidin,,
hamtiouri,,
hanhui,,
hantom,,
hantoukoura,,
haoura,,
haperekuy,,
harboungou,,
harga,,
harkora,,
hartery,,
hasbialaye,,
hasbihalaye,,
hebrimpono,,
helga,,
helintira,,
hella,,
hellele,,
hello,,
hello-bondo,,
hello-gbankono,,
hemkoa,,
henlekuy,,
heredougou,,
heredougou,,
herou,,
hiela,,
hinga,,
hipiel,,
hitte,,
hobikoko,,
hocoulourou,,
hogga,,
hoggo,,
hoka,,
homogo,,
hondokire,,
horao,,
hore,,
horere,,
hortougou,,
houare,,
houbaye,,
houetiara,,
houieo,,
houkoulourou,,
houlbera,,
houlmana,,
houna,,
ibangfo,,
ibbal,,
ibga,,
ibi,,
ibogo,,
ibolgo,,
ichagamine,,
idamossen,,
idani,,
idenia-kora,,
idenia-moa,,
idenia-tanga,,
idenia-tanga,,
idiou,,
ignongo,,
igondega,,
igori,,
ihoura,,
iki,,
iklan,,
iklan,,
ilabekolon,,
ilartenga,,
iliale,,
illa,,
illigue,,
ilyala,,
ilyalla,,
imasgho,,
imasgo,,
imassoum,,
imatoro,,
imiere,,
imiga,,
imiougou,,
imiougou,,
imiougou-natenga,,
imkouka,,
imougou,,
imsele,,
inabao,,
inagabou,,
inalo,,
inawas,,
incare,,
indini,,
ingane,,
ingani,,
inguilbo,,
inou,,
intangom,,
intara,,
intayalene,,
intiedougou,,
intohini,,
inzele,,
iolonioro,,
ipala,,
ipala,,
ipala,,
ipala,,
ipala,,
ipala,,
ipalla,,
ipelce,,
ipeli,,
ipendo,,
ipiel,,
ippo,,
ipreteon,,
ira,,
irakoulga,,
irbou,,
iria-mossi,,
iria-yarce,,
iridiaka,,
iridie,,
irim,,
irina,,
irino,,
irvouta-tinga-mossi,,
irvouyatenga-silmimossi,,
iryastenga,,
issao,,
issaogo,,
issapougo,,
issigui,,
itaore,,
itaore,,
itaore,,
itaoua,,
itian,,
ividie,,
jougalhiri,,
k'poum,,
ka,,
kaba,,
kabala,,
kabaniora,,
kabare,,
kabaro,,
kabega,,
kabega-peulh,,
kabeika,,
kabga,,
kabirou,,
kabo,,
kabonga,,
kabonga,,
kaboret,,
kaboro,,
kabouda,,
kabougou,,
kabourou,,
kabra,,
kabri,,
kabrikogagogo,,
kacham-est,,
kacham-ouest,,
kachirga,,
kactinga,,
kada,,
kadakouna,,
kadapra,,
kadiel,,
kadio,,
kadjateon,,
kadomba,,
kagamzince,,
kagbogora,,
kagnabougou,,
kagnagara,,
kagtoudin,,
kahin,,
kaho,,
kahome,,
kahonia,,
kaibo-centre,,
kaibo-nord,,
kaibo-nord,,
kaibo-nord,,
kaibo-nord,,
kaibo-sud,,
kaibo-sud,,
kaibo-sud,,
kaibo-sud,,
kaibo-sud,,
kaibo-sud,,
kaibo-sud,,
kaidare,,
kaifona,,
kain,,
kain-ouro,,
kakati,,
kaki,,
kakim,,
kakoumana,,
kala,,
kala,,
kalabo,,
kalagre-mossi,,
kalagre-rimaibe,,
kalamba,,
kalambaogo,,
kalambouro,,
kalamkporo,,
kalamtogo,,
kalao,,
kalari,,
kalarla,,
kalayenou,,
kalbekin,,
kalbouli,,
kalce,,
kaldera,,
kaldiouani,,
kaleboukoura,,
kaleinga,,
kalembaogo,,
kalembouly,,
kalfadougou,,
kaligri,,
kalitaguin,,
kalkome,,
kalkouri,,
kalla,,
kalle,,
kallo,,
kalmama,,
kalmodo,,
kalo,,
kalsagado,,
kalsagado,,
kalsagado,,
kalsaka,,
kalsaka,,
kalsaka,,
kalse,,
kalseo,,
kalwaka,,
kalwartenga,,
kalwenga,,
kalwiga,,
kalzi,,
kama,,
kama,,
kamadena,,
kamaho,,
kamako,,
kamalangora,,
kamandadougou,,
kamandena,,
kamao,,
kamateon,,
kamba,,
kamba,,
kambardebi,,
kambeledaga,,
kambo,,
kamboince,,
kamdaogo-goundrin,,
kamdiokin,,
kamdogo,,
kamedji,,
kamiankoro,,
kamina,,
kamissi,,
kamona,,
kampelsezougou,,
kampene,,
kampidiou,,
kampiti,,
kampoaga,,
kampoaga,,
kampoayargo,,
kampti,,
kampti,,
kamsando,,
kamsansin,,
kamsaoghin,,
kamsaogo,,
kamsaontinga,,
kamse,,
kamse,,
kamse,,
kamse,,
kamse-peulh,,
kamseogo,,
kamseogo-peulh,,
kamsi,,
kamtenga,,
kana,,
kana,,
kana,,
kanabissi-tanga,,
kanadougou,,
kanama,,
kance,,
kanda,,
kanda-kanda,,
kandaga,,
kandaga,,
kandaghin,,
kandarzana,,
kandega,,
kandega,,
kando,,
kando,,
kandoure,,
kanduyo,,
kanega,,
kangala,,
kangare,,
kangare-foulbe,,
kangarin,,
kangotenga,,
kangounaba,,
kangounadeni,,
kangoura,,
kangre,,
kangretenga,,
kaniagara,,
kankalaba,,
kankalsi,,
kankalsi,,
kankamogre,,
kankamogre-peulh,,
kankampele,,
kankande,,
kankandi,,
kankanfogou,,
kankanfogouol,,
kankanghin,,
kankangou,,
kankani,,
kankaniba,,
kankanible,,
kankantchiaga,,
kankantiana,,
kankantiari,,
kankaraboguin,,
kankele,,
kankienga,,
kankoera,,
kankongno,,
kankongo,,
kankono,,
kankoumana,,
kankoura,,
kanle,,
kanono,,
kanougou,,
kanre,,
kanretenga,,
kanrin,,
kansara,,
kansara,,
kanseo,,
kantambari,,
kantari,,
kantchari,,
kanyale,,
kanyire,,
kao,,
kao,,
kaogo,,
kaokana-peulh,,
kaokin,,
kaonce,,
kaonghin,,
kaongho,,
kaongo,,
kaongo,,
kaonguin-sanrgo,,
kapa,,
kapelgo,,
kapon,,
kapongouan,,
kaponi,,
kara-massasso,,
karaba,,
karabole,,
karaborosso,,
karamama,,
karangasso,,
karangasso-sambla,,
karangtanghin,,
karanksso-vigue,,
karasso,,
karbani,,
karbole,,
karegoussi,,
karekuy,,
karekuy,,
karekuy,,
karema,,
karentenga,,
kareo,,
kareta,,
karfara,,
karfiguela,,
karga,,
kargo,,
kargono,,
kari,,
kari,,
kari,,
karimama,,
kario,,
karka,,
karme,,
karo,,
kartasso,,
kartenga,,
kassaho,,
kassakongo,,
kassan,,
kassande,,
kassanga,,
kassaye,,
kasseba-mossi,,
kasseba-samo,,
kasseguera,,
kassila,,
kassine,,
kassiri,,
kassita,,
kasso,,
kassola,,
kassolo-tiabona,,
kassongbie,,
kassougou,,
kassoum,,
katabtenga,,
katafona,,
kataga,,
katana,,
katchari,,
katela,,
katierla,,
kation,,
katogue,,
katolo,,
katoulbere,,
katte,,
kawara,,
kawara,,
kawolo,,
kaya-fabolo,,
kaya-kaforo,,
kaya-kantiolo,,
kaya-korso,,
kaya-navio,,
kaya-poungou,,
kayan,,
kayao,,
kayao,,
kayegue,,
kayero-bo,,
kayero-tio,,
kayio,,
kayon,,
kazanga,,
kebakoro,,
keindabe,,
keindeni,,
keke,,
keke,,
kekeba,,
kekelesso,,
kekelnoda,,
kekenene,,
kel,,
kel,,
kel,,
kel-eguief,,
kelbo,,
keleguem,,
keleguerima,,
kelembali,,
keleya,,
kelfourwane,,
kelgayane,,
kelgbora,,
kelindou,,
kelle,,
keltahont,,
kemena,,
kemenso,,
kenega,,
kenekuy,,
kenema,,
kenemene,,
kenoko,,
kenou,,
keo,,
kera,,
kera,,
kera,,
kera-doure,,
kerebe,,
kerena,,
kerga,,
keri,,
kermagou,,
kessekuy,,
kessombode,,
keulou,,
keyegue,,
kho,,
kia,,
kianghin,,
kibe,,
kibilo,,
kibiri,,
kibtengaye,,
kidiba,,
kidibi,,
kidibin,,
kie,,
kie,,
kiebani,,
kieblega,,
kieblin,,
kiedie,,
kiedpalogo,,
kiedsom,,
kieglesse,,
kiegtougdou,,
kieka-fulbe,,
kielie,,
kiella,,
kielnordy,,
kiema,,
kiembara,,
kiemna-yarce,,
kien,,
kiendbingre,,
kiendembaye,,
kiendpalogo,,
kiendyende,,
kienekuy,,
kienfangue,,
kienkiega,,
kiensere,,
kiere,,
kiere,,
kierga,,
kierguin,,
kierrim,,
kieryaoghin,,
kies,,
kietogo,,
kietou,,
kietou,,
kikideni,,
kikigogo,,
kiko,,
kilimpira,,
kilingbara,,
kilou,,
kilou,,
kilsio,,
kimba,,
kimi,,
kimidougou,,
kimini,,
kimini,,
kimpeo,,
kimpi,,
kimtara,,
kimzim,,
kinana,,
kindi,,
kindi,,
kindi-kombou,,
kindibo,,
kinessoumdi,,
kinga,,
kingria,,
kini-kini,,
kiniwaga,,
kinkan,,
kinkika,,
kinkirgo,,
kinkirou,,
kinkirsgogo,,
kinssery,,
kinzeoguin,,
kioke,,
kiongo,,
kiongo,,
kiougou-doure,,
kiougou-kandaga,,
kiougou-namounou,,
kipala,,
kipala,,
kira,,
kira,,
kira,,
kira,,
kira,,
kirbaka,,
kire,,
kirgou,,
kirgou-gourma,,
kirgou-peulh,,
kirguilounga,,
kirible,,
kirikodogo,,
kirikongo,,
kirio,,
kiripalogo,,
kiro,,
kiro-hari,,
kirsi,,
kirstenga,,
kiryollo,,
kiryomdeni,,
kisbouga,,
kitagou,,
kitobama,,
kleni,,
klesso,,
koa,,
koabdin,,
koabgatenga,,
koada-yarce,,
koadaba,,
koadiga,,
koadjidjoal,,
koagma,,
koakin,,
koakin,,
koakin,,
koakin,,
koakin,,
koakoa,,
koakourima,,
koala,,
koala,,
koalga,,
koali,,
koalla,,
koalma,,
koalou,,
koaltanghin,,
koama,,
koanga,,
koankin,,
koankin,,
koankin,,
koare,,
koassa,,
koassanga,,
koayo,,
koba,,
kobadah,,
kobaoua,,
kobar,,
kobdari,,
kobe,,
kobo,,
kobogo,,
koboun,,
koboundoum,,
koboure,,
kobsere,,
koby,,
kocore,,
kodara,,
kodara,,
kodara,,
kode-mende,,
kodemtore,,
kodemzoaga,,
kodiengou,,
kodio-gboro,,
kodio-sambour,,
kodio-tioblo,,
kodiolaye,,
kodjaari,,
kodjena,,
kodjini,,
kodjoani-kankalsi,,
kodjoani-leoura,,
kodjonti,,
kodogo,,
kodona,,
kodougou,,
koeguemsin,,
koena,,
koena,,
koena,,
koend-zingdemissi,,
koeneba,,
kofila,,
koflande,,
kogdangou,,
kogho,,
kogho-peulh,,
koglobaraogo,,
kogmasgo,,
kogninga,,
kogo,,
kogodi,,
kogodjan,,
kogodou,,
kogola,,
kogoli,,
kogoma,,
kogonere,,
kogonere,,
kogononghin,,
kogori,,
kogossablogo,,
kogossi,,
kogoue,,
kogoue,,
kogoyende,,
koguina,,
koguini,,
kohinena,,
kohinora-sansana,,
koho,,
kohogo,,
kohogo-peulh,,
kohoura,,
koil-pone-gane,,
koin,,
kokanko,,
kokemnore,,
koknoghin,,
koko,,
koko,,
koko,,
kokoaga-ouest,,
kokoi,,
kokolibou,,
kokolo,,
kokologho,,
kokora,,
kokoro,,
kokoroba,,
kokorowe,,
kokosse,,
kokossin,,
kokou,,
kokouna,,
kokouna,,
kolan,,
kolanga,,
kolasso,,
kolbila,,
koledougou,,
kolepar,,
kolgdiesse,,
kolgondiesse,,
kolgosom,,
kolgrogogo,,
kolinka,,
kolkol,,
kolkom,,
kolkom,,
kolkom,,
kolkom,,
kollade,,
kollakoye,,
kolle,,
kollel,,
kollo,,
kollo,,
kollo,,
kologkom,,
kologuessom,,
kolokaka,,
kolokan,,
koloko,,
kolokolo,,
kolokom,,
kolokom,,
kolondjoura,,
kolonia-tangassogo,,
kolonidara,,
kolonkan,,
kolonkan,,
kolonkan,,
kolonkande,,
kolonkani-ba,,
kolonkani-sirakoro,,
kolonkogo,,
kolonkomi,,
kolonkoura,,
kolonkoura,,
kolonkoura,,
kolonzo,,
kolonzo,,
koloog-samba,,
kom-kom-yiri,,
koma,,
koma-lembre,,
komandougou,,
komangou,,
komanpergou,,
kombangbedo,,
kombara,,
kombazien,,
kombeole,,
kombere,,
kombestenga,,
kombilga,,
kombinatenga,,
komboassi,,
komboassi,,
kombongou,,
kombori,,
kombori,,
kombougo,,
kombous-youngo,,
kome,,
komestenga,,
komgnesse,,
komkaga,,
komki-ipala,,
komki-peulh,,
komnogo,,
komoassi,,
komompouma,,
komon,,
komon,,
komona,,
komondi,,
komonga,,
komonkuy,,
komonli,,
kompi,,
kompienbiga,,
kompienga,,
komsila,,
komsilga,,
komsilga,,
komsilga,,
komsilga,,
komsilga,,
komtenga,,
komtigre,,
komtoega,,
komtoega,,
komtoega-peulh,,
komyargo,,
kona,,
kona,,
konakiera,,
konamisse,,
konamo,,
konandia,,
konandougou,,
konankoira,,
konba,,
konba-kinkinine,,
konba-tanzou,,
kond-koikin,,
konde,,
kondibito,,
kondibito,,
kondibito-peulh,,
kondin,,
kondogo,,
kondon,,
kondouagou,,
kondre,,
kondridoaga,,
kondrin,,
kondui,,
kone,,
konean,,
konega,,
konga,,
konga,,
kongara,,
kongaye,,
konglore,,
kongninkin,,
kongoba,,
kongoba,,
kongodiana,,
kongolekan,,
kongolikan,,
kongolikoro,,
kongosso,,
konianwende,,
konioudou,,
konkan,,
konkara,,
konkera,,
konkin,,
konkin-foulgo,,
konkin-moogo,,
konkoa,,
konkoaguin,,
konkoara-yarce,,
konkoliko,,
konkoro,,
konkosse,,
konkourona,,
konkuini,,
konkuisse,,
konkuy-bobo,,
konkuy-koro,,
konlastenga,,
konlebse,,
konli,,
konli,,
konlobwamde,,
konna,,
konnekongo,,
konon,,
kononga,,
kononga,,
kononiba,,
konsabla,,
konsera,,
konsi,,
kontaga,,
kontaga,,
kontaga-peulh,,
kontele,,
konti,,
kontiana,,
kontiandi,,
kontigue,,
kontigue,,
kontigue-silmimossi,,
konvougoudou,,
konyelenbere,,
konzena,,
konzeogo-bangane,,
konzeogo-sambila,,
konzeogo-yalgo,,
konzio,,
konzo,,
kopelin,,
koper,,
kopialga,,
kopoi,,
kora,,
kora-foulbe,,
korabie,,
korabou,,
koran,,
korani,,
koratinga,,
koratinga-peulh,,
korbe,,
kordie,,
kore,,
koreba,,
koredeni,,
koredougou,,
koregnon,,
koreguere,,
korga,,
korgho,,
korgnegane,,
korgoreya,,
korguereya,,
kori,,
koria,,
korindiaka,,
koritigui,,
korizena,,
korkina,,
korko-mossi,,
korko-peulh,,
korkorla,,
koro,,
koro,,
koro,,
koro,,
koro,,
koro,,
koroho,,
korokora,,
koroma,,
korome,,
koromperi,,
korongou,,
koroni,,
korou,,
korro,,
korsimoro,,
koryombo,,
kosmassom,,
kosse,,
kossi,,
kossilci,,
kosso,,
kosso,,
kosso-tier,,
kosso-you,,
kossoba,,
kossodo,,
kossoghin,,
kossoghin,,
kossougoudou,,
kossouka,,
kostenga,,
kostenga,,
koswinde,,
kotchari,,
kotedougou,,
koti,,
kotikora,,
kotou,,
kotoudeni,,
kotougou,,
kotougouni,,
kotoulgoum,,
kotoura,,
kotouri,,
kottia,,
kou,,
kou,,
kouadigou-yamba,,
kouakouale,,
kouakouli,,
koualio,,
koualio,,
kouana,,
kouanda,,
kouankuy,,
kouba,,
kouba,,
kouba,,
koube,,
koubel-alpha,,
koubeo-djoulo,,
koubeogo,,
koubeogo,,
koubi-todiam,,
koubithiou,,
koubongo,,
kouboulou,,
koubounga,,
koubri,,
koudiere,,
koudiorgou,,
koudiougou,,
koudjo,,
koudmi,,
koudombo,,
koudouma,,
kouekouesso,,
kouelworo,,
kouendi,,
kouentou,,
kouere,,
koueredougou,,
kougbaga,,
kougdo,,
kougdoughin,,
koughin,,
koughin,,
koughin-peulh,,
kougny,,
kougoure,,
kougouri,,
kougourin,,
kougoussoula,,
kougpaka,,
kougpela,,
kougri,,
kougri,,
kougri-koulga,,
kougri-koulga,,
kougrisseogo,,
kougrissince,,
kougroussoukou,,
kougsabla,,
kougsin,,
kouhoko,,
koui,,
kouibanka,,
kouidi,,
kouigou,,
kouila,,
kouilpagre,,
kouini,,
kouka,,
kouka,,
kouka,,
koukabako,,
koukabako,,
koukabako,,
koukatenga,,
koukie,,
koukin,,
koukin,,
koukinkuilga,,
koukoadore,,
koukouldi,,
koukoulou,,
koukoundi,,
koukoure,,
koukouteon,,
koukouteon-diendienteon,,
koul-bo,,
koul-campement,,
koul-gane,,
koulakou,,
koulantionao,,
koulara,,
koulbako,,
koulbie,,
koulbila,,
kouldadouo,,
koule,,
koulegane,,
kouleho,,
koulerou,,
kouleteon,,
koulfo,,
koulga,,
koulgandogo,,
koulgandogo-peulh,,
koulgonda,,
koulgorin,,
kouli,,
koulkienga,,
koullou,,
koulmasga,,
koulnatenga,,
koulniere,,
koulogho,,
koulogo,,
kouloh,,
kouloho,,
kouloungou,,
koulpalga,,
koulpelga,,
koulpelle,,
koulpissi,,
koulponsogho,,
koulsablghin,,
koulsinga,,
koulsonde,,
koultianga,,
koulweogo,,
koulweogo,,
koulweogo,,
koulweogo,,
koulwogo,,
koulwoko,,
koulwoko,,
koumana,,
koumandara,,
koumasgho,,
koumbadougou,,
koumbane,,
koumbango,,
koumbara,,
koumbataka,,
koumbia,,
koumbia,,
koumbili,,
koumbo,,
koumbogoro,,
koumbore,,
koumboura,,
koumbri,,
koumestenga-mossi,,
koumestenga-peulh,,
koumi,,
koumna,,
koumna,,
koumna-koudgo,,
koumnere,,
koumnogo,,
koumsaga,,
koumseogo,,
kouna,,
kouna,,
kounda,,
koundi,,
koundibokin,,
koundimi,,
koundoghin,,
koundouba,,
koundougou,,
koundoula,,
kouneni,,
kounga,,
kounga,,
koungo,,
koungou,,
kouni,,
kouni,,
kounkana,,
kounkoubguin,,
kounkouna,,
kounla,,
kounou,,
kounseni,,
kountioro,,
koupel-yargo,,
koupela,,
koupela,,
koupela-peulh,,
koupele,,
koupelo,,
koupene,,
kour,,
koura,,
koura,,
kouradateon,,
kourakou,,
kourani,,
kourao,,
kourba,,
kourbera-poura,,
kourbo,,
kourbo,,
kouremaganfaso,,
kourfadji,,
kourga,,
kourgbele,,
kourgou,,
kourgou,,
kourguenou,,
kouri,,
kouri,,
kouri,,
kouri,,
kouri,,
kouria,,
kourian,,
kouriga,,
kourignon,,
kouriogin,,
kourit-bil-yargo,,
kouritenga,,
kourityaoghin,,
kouriyaoghin,,
kourkour,,
kourkuy,,
kourono,,
kourori,,
kourou,,
kouroukan,,
kourouma,,
kouroumani,,
kouroumani,,
kourpelle,,
koursera,,
koursiera,,
koury,,
koussago,,
koussala,,
koussana,,
koussaro,,
koussiba,,
koussidian,,
koussiri,,
koutchagou,,
koutenadouo,,
koutenao,,
koutera,,
koutiama,,
koutougou,,
koutoula-yarce,,
koutoumtenga,,
koutoura,,
kouy,,
kouyagou,,
kouye,,
kouygoulo,,
kovio,,
kovry,,
koyenga,,
koyenga,,
koygouroual,,
kpadanfoani,,
kpadiari,,
kpadier,,
kpai,,
kpalbalo,,
kpambilou,,
kpanhila,,
kpankpaga,,
kpankpire,,
kpanlou,,
kpantianao,,
kpantianao,,
kpantionao,,
kpantionao,,
kpanyera,,
kpaon,,
kpaon,,
kpapira,,
kpara,,
kparanta,,
kpatoura,,
kpatoura,,
kpedia,,
kpeka,,
kpele,,
kpelegane,,
kpelinkpe,,
kpenchangou,,
kpengnoanfouangou,,
kpenkouandi,,
kpera,,
kpidara,,
kpinkankanti,,
kpintana,,
kpoko,,
kpolo,,
kpoman,,
kponkpon,,
kpoperi,,
kpossara,,
kpuere,,
krouweogo,,
kuekuera,,
kuekuera,,
kuilkanda,,
kuilmasga,,
kuilzili,,
kuini,,
kuiti,,
kunkane,,
kuyou,,
kwaremenguel,,
kwaretocksel,,
kwon,,
kya,,
kyon,,
la,,
la-todin,,
laba,,
labarani,,
labien,,
lablango,,
labola,,
labola,,
labola,,
labola,,
labola,,
labretenga,,
ladiana,,
ladiga,,
ladiou,,
lado,,
lado,,
lado-peulh,,
ladwenda,,
lagbilin,,
lagnore,,
lago,,
lago,,
lagonia,,
lah,,
lah,,
lahagui,,
lahama,,
lahel,,
lahirasso,,
laho,,
lahol,,
lakar,,
lakpar,,
lalgaye,,
lalgaye,,
lalguin,,
lalle,,
lalle,,
lalle,,
lalle,,
lalmogo,,
lama,,
lamana,,
lamba,,
lambroura,,
lamdamaol,,
lamiougou,,
lamlamone,,
lamoana,,
lampiadi,,
lamzoudo,,
lamzoussi,,
lan,,
lan,,
landre,,
lanfiera,,
lanfiera,,
lanfiera,,
lanfiera,,
lanfiera,,
lanfiera,,
lanfiera,,
lanfiera,,
lanfiera-koura,,
lanfiera-koura,,
langara,,
langle,,
langnoassi,,
langouerou,,
langue-peulh,,
lankardouo,,
lankiande,,
lankoue,,
lantaga,,
lantao,,
lantaogo,,
lantaogo,,
lantargou,,
lanti,,
lanyabidi,,
lao,,
lao,,
lao-peulh,,
laogo,,
laongo-taore,,
laongo-yanga,,
laoua,,
laoua,,
lapara,,
lapone,,
lapou,,
laraba,,
larabin,,
larama,,
laranga,,
larbi,,
lare,,
lare,,
larga,,
largo,,
largogo,,
largogo,,
largue,,
laro,,
lassa,,
lassane,,
lasso,,
latara,,
lati,,
latian,,
lattou,,
laura,,
laye,,
laye-yarce,,
leamtenga,,
leba,,
leba,,
lebce,,
lebda,,
lebenga,,
leda,,
ledere,,
lefourba,,
legmoin,,
legoure,,
leguema,,
leh,,
lei,,
lekoro,,
lekoun,,
lekuy,,
lelcom,,
leleguere,,
lelesgo,,
lelexe,,
lelguem,,
lelkom,,
lelkom,,
lelly,,
lemagara,,
lemini,,
lemka,,
lemnogo,,
lemnogo,,
lemnogo-mossi,,
lemnogo-peulh,,
lemouroudougou,,
lena,,
lengha,,
lengha-peulh,,
lengo,,
lenon,,
leongo,,
leoupo,,
leoura,,
leoura-corga,,
lera,,
lerasso,,
lerbi,,
lerbira,,
lerbou,,
lere,,
lere,,
lere,,
lere-m'bardi,,
lerel,,
lerghin,,
lergho,,
lermitera,,
lerou,,
lery,,
lessam,,
lessere,,
lessitenga,,
letiefesse,,
ley-seno,,
lezotenga,,
lia,,
liaba,,
libiele,,
libora,,
lidara,,
liguidi-malguem,,
liguiditenga,,
liguidmalguema,,
liki,,
likinkelse,,
lilboure,,
lilboure,,
lilboure,,
lilboure,,
lilgomde,,
lilgomde,,
lilgomde,,
lilkana,,
lilligome,,
lillingo,,
lillougou,,
lilyala,,
lilyalla,,
limsega,,
lindi,,
linguekoro,,
linoghin,,
linonghin,,
linonghin,,
lintiba,,
liougou,,
lioulgou,,
lioulgou-peulh,,
lipaka,,
liptougou,,
lira-tangassogo,,
listenga,,
litaya,,
litiayenli,,
livara,,
lo,,
lo-caloa,,
lo-longo,,
lo-moulnia,,
lo-polobiessan,,
lo-pouri,,
lo-sinon,,
loa,,
loaba,,
loaba-peulh,,
loada,,
loaga,,
loagha,,
loagre,,
loanga,,
loanga,,
loanga-peulh,,
loatenga,,
lobere,,
lobignonao,,
lobio,,
lobouga,,
locbaga,,
lodjompo,,
lofikahoun,,
lofing,,
logdin,,
logo,,
logobou,,
logofourousso,,
logogniegue,,
logolona,,
logue,,
loguin,,
lokinde,,
lokoa,,
lokodja,,
lokonao,,
lokono,,
lokosso-dioula,,
lokosso-gan,,
lollio,,
lombile,,
lon,,
lonadeni,,
lonago,,
lonani,,
lonce,,
longa,,
longa,,
longo,,
longuin,,
longuitiguel,,
lonkakuy,,
lontakoani,,
lontari,,
lontia,,
lopadi,,
lopal,,
lopohin,,
lorgho,,
loro,,
loroni,,
loropeni,,
lorou,,
lorou,,
lossa-foulbe,,
lossa-mossi,,
lou,,
lou,,
louanga,,
louargou,,
louba,,
loubora,,
loubre,,
louda,,
louda-peulh,,
louda-peulh,,
lougbisse,,
lougou,,
lougoua,,
lougouri,,
lougouzou,,
lougsi,,
loukou,,
loukou-peulh,,
loukouara,,
loukoura,,
louloubtenga,,
loumana,,
loumbila,,
loume,,
loumpini,,
loundgo,,
loundogo,,
lounga,,
loungo,,
loungo,,
loura,,
lourfa,,
lourgou,,
loussa,,
louta,,
loutionao,,
loutougou,,
loyargo,,
lue,,
luilli-nobere,,
ly,,
m'bamga,,
m'para,,
m'pogona,,
maceono,,
macere,,
madamao,,
madeni,,
madiasso,,
madjoari,,
mado,,
madori,,
madou,,
madou,,
madoudji,,
madougou,,
madougou,,
mafoulou,,
mafoulou-foulbe,,
magadgo,,
magadian,,
magafesso,,
magarougou,,
magnimasso,,
mahadaga,,
mahon,,
mahouana,,
mako,,
makognadougou,,
makongo,,
makoula,,
makuy,,
makuy,,
mal-dodomo,,
mal-sourgoin,,
malampoupera,,
malba,,
malba,,
malbo,,
maldiabari,,
maldianga,,
malenga-nagsore,,
malenga-yarce,,
maleouale,,
malgretenga,,
malioma,,
mallere,,
malon,,
malon,,
malou,,
malpoa,,
malteon,,
mamangou,,
mamanguel,,
mamassi,,
mamassi-gaoubile,,
mamassiol,,
mamassirou,,
mamassirou,,
mambire,,
mambo,,
mamboue,,
mamena,,
mamou,,
man,,
mana,,
manasso,,
mandara,,
mandiari,,
mandiasso,,
mandie,,
mane,,
mane-mossi,,
mane-peulh,,
manefyam,,
manega,,
manega,,
manegsombo,,
manegsombo,,
manegtaba-foulbe,,
manegtaba-mossi,,
manekuy,,
manema,,
manessa,,
manesse,,
manevire,,
manezago,,
manga,,
manga-est,,
manga-est,,
manga-est,,
manga-est,,
mangagou,,
mangare,,
mangodara,,
mangorotou,,
mangou,,
mangoudeni,,
mangoulma,,
mani,,
mankanon,,
mankarga,,
mankarga,,
mankarga,,
mankarga,,
mankarga,,
mankarga,,
mankarga,,
mankarga,,
mankarga,,
mankarga,,
mankarga,,
mankilinia,,
manni,,
manoa,,
manpoura,,
mansila,,
mantaka,,
mantamou,,
mantchangou,,
mantiabdjoaga-gourmantce,,
mantiogonia,,
mantiongo,,
mantiongogo,,
mantoungou,,
manzoule,,
manzour,,
mao-nessira,,
maouda,,
maoula,,
maoulena,,
mara-gna-wan,,
mara-grand,,
mara-petit,,
marabagasso,,
mardaga,,
mare,,
marebama,,
margo,,
margou,,
margou,,
marinkoura,,
markio,,
markoye,,
marmiga,,
marmissiga,,
maro,,
masbore,,
masgo,,
massade-yirikoro,,
massako,,
massakuy,,
massala,,
massere,,
massifigui,,
masso,,
massougou,,
mastenga,,
matambima,,
matiacoali,,
matourkou,,
matte,,
maty,,
mawarida,,
mawe,,
mazoara,,
me,,
mebar,,
mebar-birifor,,
mebar-dagara,,
mederin-peulh,,
medicateon,,
mediga,,
medougou,,
meguet,,
mehena,,
mekpa,,
melou,,
memer,,
mendrin-tountoghin,,
mene,,
mene,,
menegou,,
menegou,,
meno-diantio,,
mentao,,
menzourou,,
meodje,,
mera,,
mereteon,,
mesga,,
metemete,,
metio,,
mia,,
miana,,
midebdo,,
mihebra,,
mihity,,
milimtenga,,
milkpo,,
milla,,
milpo,,
mina,,
mina,,
minao,,
mingboura,,
miniera,,
miniera,,
minima,,
minima,,
minissia,,
minkiro,,
minou,,
minse,,
mintara,,
missakongo,,
mitieridougou,,
moabie-boungou,,
moadega,,
moadougou,,
moaga,,
moaka,,
moamy,,
moanega,,
moara,,
moara-grand,,
moara-petit,,
mobega,,
mobgowindtenga,,
mockin,,
mocomtore,,
modaogo,,
modaogo,,
modjouma,,
modre,,
moende,,
moetenga,,
mogande,,
mogande-peulh,,
mognaba,,
mogobasso,,
mogodin,,
mogodin,,
mogom,,
mogom,,
mogombouli,,
mogomnore,,
mogtedo,,
mogtedo,,
mogtedo,,
mogtedo,,
mogtedo,,
mogtedo,,
mogtedo,,
mogtedo,,
mogueya,,
mohadagou,,
moince,,
mokin,,
mokin-yarce,,
moko,,
mokomdongo,,
molle,,
molokadoun,,
momane,,
momba,,
momba,,
momba,,
momba-peulh,,
momene,,
momina,,
momol,,
monba,,
monde-bani,,
monde-so,,
mondon,,
mong-naba,,
monga,,
mongdin,,
monkuy,,
monlori,,
monomtenga,,
monsara,,
monsonon,,
montionkuy,,
montionkuy,,
mopeleguin,,
mopienga,,
morem,,
morideni,,
morolaba,,
mossadeni,,
mossi-balgo,,
mossibougou,,
mossitenga,,
mou,,
mou,,
mou,,
mouabou,,
mougnoupele,,
mougounougoboko,,
mougue,,
mouhoun,,
moukouan,,
moukouna,,
moukounien,,
moule,,
moulepo,,
moulera,,
moulera,,
moulourou,,
mouma,,
mouna,,
mounakoro,,
moundian,,
moungounissi,,
mouni,,
mouni,,
mouni,,
mounibaogo,,
mourdeni,,
mourdie,,
mouroukoudougou,,
moussakongo,,
moussakuy,,
mousseo,,
moussobadougou,,
moussobadougou,,
moussodougou,,
moussoua,,
moussoumourou,,
moutori,,
moutoulou,,
moutti,,
mouvielo,,
mouzi,,
mouzoumou,,
moyargo,,
n'bie,,
n'bina,,
n'dana,,
n'dana,,
n'dangbara,,
n'diolloa,,
n'donhira,,
n'dorola,,
n'dosso,,
n'gana,,
n'golofesso,,
n'gorguerla,,
n'gorlani,,
n'gorolani,,
n'guempera,,
n'guidoye,,
n'kampira,,
n'sorpera,,
n'tompira,,
n'tompira,,
n'tonhela,,
n'tonhero,,
n'tonhiro,,
n'tonkira,,
naba-dabogo,,
naba-sougdin,,
naba-zana,,
nabadogo,,
nabakoutou,,
nabale,,
nabamboula,,
nabangou,,
nabaningou,,
nabasnonghin,,
nabasso,,
nabateon,,
nabaziniguima,,
nabdoghin,,
nabdogo,,
nabdogo,,
nabdogo,,
nabdogo,,
nabelin,,
nabelin,,
nabenia,,
nabere,,
nabi,,
nabi-sanrgo,,
nabi-yiri,,
nabikessem,,
nabilpaga-yorga,,
nabinkinsma,,
nabinskiema,,
nabiraogtenga,,
nabitenga,,
nabitenga,,
nabitenga,,
nabitenga,,
nabitinga,,
nabitinga,,
nablegane,,
nabliliessan,,
nablo-diassa,,
nabmalgma,,
nabmalguema,,
nabmassa,,
nabnongomzougo,,
naboamou,,
nabon,,
nabonswinde,,
nabore,,
naborgane,,
naboro,,
nabou-nouni,,
nabou-peulh,,
naboua,,
naboudi,,
naboudin,,
naboue,,
naboundjira,,
nabzinigma,,
nabziniguima,,
nacombogo,,
nacombogo,,
nacombogo,,
nacouendougou-dinyala,,
nadiabonli,,
nadiagou,,
nadieringa,,
nadiolo,,
nadion,,
nadioutenga,,
nadjengoala,,
nadonon,,
nadoulou,,
nadouonou,,
nadrifa,,
nafanasso,,
nafbanga,,
nafo,,
nafona,,
nafougo,,
naftenga,,
naganga,,
nagare,,
nagare,,
nagare,,
nagarpoulou,,
nagbangou,,
nagbingou,,
nagbingou,,
nagbingou,,
nagnesna,,
nagniangou,,
nagnoagou,,
nago,,
nagoussegue,,
nagraogo,,
nagraogo-foulbe,,
nagreongo,,
nagrigre,,
nagsene,,
nagtaoli,,
nagueledougou,,
nahambouga,,
nahana,,
nahartenga,,
nahartenga,,
nahi,,
nahi-peulh,,
nahinena,,
nahirindon,,
nahoube,,
nahouri,,
nahoutinga,,
nai,,
naikin,,
nairena,,
nakaba,,
nakala,,
nakamtenga,,
nakamtenga,,
nakamtenga,,
nakamtinga,,
nakanhoura,,
nakar,,
nakar,,
nakiantanga,,
nakindougou,,
nako,,
nakoayaro,,
nakodou,,
nakombogo,,
nakombogo,,
nakomestinga,,
nakomestinga,,
nakortougou,,
nakou,,
nakoum,,
nakouri,,
nakourtenga,,
nalanghin,,
nalenga,,
nalidougou,,
naloanga,,
nalongou,,
nama,,
namagdou,,
namagri,,
namague,,
namaguinia,,
namandala,,
namaneguema,,
namantougou,,
namare,,
namassa,,
namassa,,
namassa,,
namassa,,
namassa,,
namassa,,
namassa,,
namassa,,
namassa,,
nambari,,
nambe,,
nambeguiam,,
nambeguian,,
nambera,,
nambi,,
nambira,,
nambleteon,,
namboena,,
nambouna-boptara,,
namissiguima,,
namissiguima,,
namoukouka,,
namoumoanga,,
namoungou,,
namoungou,,
namounou,,
namountergou,,
namounyouri,,
namponkore,,
namponsiga,,
namsigui,,
namsiguia,,
namsiguia,,
namsiguia,,
namtenga,,
nana,,
nanano,,
nanbox-yiri,,
nandiala,,
nando,,
nandoli,,
nanfor,,
nangbangdre,,
nangnoundougou,,
nango,,
nango,,
nangorla,,
nangouma,,
nangouna,,
nangtenga,,
naniagara,,
nanom,,
nanonghin,,
nanoro,,
nanou,,
nantira,,
naobin,,
naokuy,,
naouya,,
napade,,
napagting-gounghin,,
napalgue,,
napalgue,,
napalgue,,
napalgue,,
napalgue,,
napamboubou,,
napamboumbou,,
napamboumbou,,
napamboumbou,,
napan,,
naparo,,
napenga,,
napiga,,
napiga,,
napindouo,,
napo-nabilpaga,,
napouan,,
naradabaganga,,
naradjou,,
nare,,
nare,,
nare-yarce,,
narguin,,
nariou,,
naro,,
naro-bagane,,
narogtinga,,
nasma,,
nassamba,,
nassan,,
nassene,,
nassere,,
nassiega,,
nassingre,,
nasso,,
nassobdo,,
nassobgue,,
nassoog-tanghin,,
nassougou,,
nassoulou,,
nassoumbou,,
nassourgou,,
nassourou,,
natema,,
natiaboani,,
natiedougou,,
natieteon,,
natindougou,,
naton,,
natongou,,
navielgane,,
navrikpe,,
navrinkpke,,
nawega,,
nawoubkiba,,
nayalgue,,
nayalgue,,
nayambse,,
nayamtenga,,
nayouri,,
naytonghin,,
naze,,
nazoanga,,
nebia,,
nebielianayou,,
neblaboumbou,,
neboun,,
nebrou,,
nedogo,,
nedogo,,
nedogo-peulh,,
nedoguin,,
neem,,
nefrelaye,,
negueni,,
nehourou,,
neiba,,
nekanklou,,
nekrou,,
nelba,,
neliri,,
nema,,
nematoulaye,,
nemelaye,,
nemena,,
nenebouro,,
neneogo,,
nepelimpira,,
neregue,,
nereko,,
nerekorosso,,
nerekorosso,,
nerfindougou,,
nerkedaga,,
nessaguerou,,
nessanon,,
nessemtenga,,
netiao,,
nevry,,
nevry,,
nganoua,,
niabouri,,
niafo,,
niaga,,
niagassi,,
niago,,
niako,,
niakongo,,
niale,,
niamadougou,,
niamana,,
niamanga,,
niamanga,,
niamanga,,
niamango,,
niamberla,,
niambrigo,,
niamina,,
niamisseo,,
niampedougou,,
niampira,,
nian,,
nianaba,,
nianankore,,
niandeghin,,
niandin,,
niangado,,
niangdo,,
niangla,,
niangouela,,
niangre-tansoba,,
nianguel,,
nianiara,,
niankar,,
niankore,,
niankorodougou,,
niankouini,,
niankuy,,
nianle,,
niansogoni,,
niantana,,
niantono,,
nianware,,
nianwere,,
niaogho,,
niaogho-peul,,
niapa,,
niapani,,
niaptana,,
niarba,,
niare,,
niarebama,,
niassan,,
niassari,,
niassono,,
nibagdo,,
nibiella,,
nibieteon,,
niceo,,
nidaga,,
niebce,,
niebscebanco,,
niega,,
niego,,
nieguema,,
nieme,,
niempiro,,
niempourou,,
niena,,
nienega-foulbe,,
nienega-mossi,,
niessan,,
niesse,,
niessega,,
nigolo,,
nigui,,
nikouem,,
nimborou,,
nimbou,,
nimbrongo,,
nimina,,
nimpira,,
nimpougo,,
nimpoui,,
nimpouy,,
nimpouya,,
nindangou,,
ninga,,
ningare,,
ninguiwinde,,
ninigui,,
ninion,,
niniongo,,
niniongo,,
niniongo,,
ninlare,,
nintenga,,
niobol,,
niobouro,,
niofila,,
niofrera,,
nioko,,
nioko,,
niolka,,
niolkar,,
niombouna,,
niombripo,,
nion,,
nionboulola,,
niondin,,
nioneegre,,
niongho,,
niongnongo,,
niongono,,
niongretenga,,
niongsin,,
niongtenga,,
nionio,,
nioniogo,,
nioniogo,,
nioniokodogo-mossi,,
nioniokodogo-peulh,,
nioniopalogo,,
nionko,,
nionniongo,,
nionranga,,
nionsna,,
niorgo-yanga,,
nioryida,,
niou,,
niou,,
niou-yarce,,
nioua,,
niouabie,,
nioughin,,
niouma,,
nioumbila,,
nioundougou,,
nioussi,,
nioyo,,
niperdouo,,
nissare,,
nitenga,,
nitiana,,
nkinora,,
noagtenga,,
noaka,,
noali,,
nobere,,
nobili,,
nobiol,,
nobrodouo,,
nobsgogo,,
nobsin,,
nobtenga,,
nodin,,
noessin,,
noessin,,
nofesso,,
nogo,,
nogo,,
nogolado,,
noh,,
nohao,,
nohoungo,,
nokindjoura,,
nokpadouo,,
nokuy,,
noli,,
nom,,
nombira,,
nombiti,,
nomboya,,
nomgana,,
nomikidou,,
nommo,,
nommo-foulbe,,
nondo,,
nong-warbin,,
nongbamba,,
nongfaire,,
nongfaire,,
nongfaire-bangre,,
nongfaire-mossi,,
nonghin,,
nonghin,,
nonghin,,
nonghin,,
nongnan,,
nongo,,
nongo-peulh,,
nongodoum,,
nongofaire,,
nongofaire,,
nongofaire,,
nongossom,,
nongtenga,,
nonguestinga,,
nonka,,
nonkinena,,
nonkondougou,,
nonkuero,,
noperdouo,,
noralkingal,,
noraotenga,,
norde,,
norghin,,
norkama,,
notou,,
nouarangou,,
noufoundou,,
nougbini,,
noulibouli,,
noumoudara,,
noumousso,,
noumousso,,
noumoutiedougou,,
noungou,,
noungou,,
noungou,,
noungou,,
noungou,,
noungou,,
noungou,,
nounkodogo,,
nounou,,
nouonkpalala,,
noussou,,
noussoun,,
nouvielgane,,
nove,,
nyfou,,
nyon,,
obade,,
obdaga,,
obire,,
obonon,,
oboungouni,,
obro,,
odara,,
ogagou,,
ognoadeni,,
okargouni,,
olaro,,
olbontoune,,
olkoro,,
ollongo,,
omsom,,
onadiagouni,,
onliassan,,
opor-badouor,,
opor-kakalapouor,,
opor-seguere,,
opor-tankoli,,
orkopouo-gane,,
orkopouo-ville,,
orkounou,,
ormitara,,
oronkua,,
orpoune,,
ossoro,,
otiabragouni,,
ouabedi,,
ouaboidi,,
ouada-traditionnel,,
ouada-v1,,
ouada-v2,,
ouada-v3,,
ouada-v4,,
ouadangou,,
ouadaradouo,,
ouadaradouo,,
ouadiel,,
ouagamce,,
ouagande,,
ouagande,,
ouagara,,
ouagatenga,,
ouagoule,,
ouaguissi,,
ouahabou,,
ouahimabougou,,
ouakara,,
ouako,,
ouakuy,,
ouala,,
oualana,,
oualdeguede,,
oualem,,
oualga,,
oualguirga,,
oualle,,
oualogo,,
oualogotenga,,
oualogtenga-peulh,,
oualou,,
oualoubie,,
ouamne,,
ouampega,,
ouamzalin,,
ouamzong-yiri,,
ouanabekuy,,
ouanagou,,
ouanga,,
ouanga,,
ouangolodougou,,
ouani,,
ouanobian,,
ouansoua,,
ouaongtenga,,
ouapaci,,
ouapassi,,
ouarakuy,,
ouarbio,,
ouardaraou,,
ouaregou,,
ouaregou-peulh,,
ouargaye,,
ouarghin,,
ouarkoye,,
ouarmini,,
ouarokuy,,
ouatinapam,,
ouatinoma,,
ouatinoma,,
ouationao,,
ouattigue,,
ouattigue,,
ouattigue,,
ouattinoma,,
ouavousse,,
ouavousse,,
ouavousse,,
ouavousse,,
ouavousse,,
ouayalgue,,
ouayalgui,,
ouayalgui,,
ouayalgui,,
ouayalgui,,
ouayalgui,,
ouayou,,
ouazele,,
ouazi,,
oubri-yaoghin,,
oubriounou,,
ouda,,
oudouga,,
oue,,
oue,,
oue,,
ouedeguin,,
ouediabie-tangassogo,,
ouedkiongo,,
ouedogo,,
ouedogo,,
ouedogo-bokin,,
ouedrancin,,
oueffin,,
oueguedo,,
oueguedo-peulh,,
oueguedo-yarce,,
oueguela,,
ouelba,,
ouele-oulelena,,
oueleni,,
oueleni,,
ouelle,,
oueloguin,,
ouembairi,,
ouembatinga,,
ouembazaka,,
ouemboye,,
ouemtenga,,
ouenane,,
ouenga,,
ouenne,,
oueouereoue,,
ouera,,
ouere,,
ouere,,
oueresse,,
ouerin,,
ouessa,,
ouetinga,,
ouette,,
ouettigue,,
ouezala,,
ouezindougou,,
ouga-yarce,,
ougarou,,
ougarou,,
oui,,
ouidi-wafe,,
ouidiara,,
ouidin,,
ouidin,,
ouidlao,,
ouilao,,
ouilao,,
ouindigui,,
ouindongtenga,,
ouindoupoli,,
ouintini,,
ouintokoulga,,
ouissiga,,
ouitenga-poecin,,
ouizine,,
oukouera,,
oula,,
oula,,
oulani,,
oulf-alpha,,
oulfou,,
oullo,,
oulo,,
oumnoghin,,
oumougou,,
oumpougdeni,,
ounare,,
ountandeni,,
ounzeogo,,
ounzeogo-peulh,,
ouo,,
ouoh,,
ouoh,,
ouolokoto,,
ouolonkoto,,
ouona,,
ouonko,,
ouonko,,
ouonon,,
ouori,,
ouori,,
ouoro,,
ouoro,,
ouorou,,
ouorowe,,
oupon,,
oura,,
oure,,
ourema,,
ourfare,,
ourfare,,
ourfou,,
ourfou-belel,,
ourgou-manega,,
ourkoum,,
ourkouna,,
ouro,,
ouro,,
ouro,,
ouro,,
ouro,,
ouro,,
ouro,,
ouro,,
ouro,,
ouro,,
ouro,,
ouro,,
ouro-aou,,
ouro-balla,,
ouro-diako,,
ouro-djiama,,
ouro-hesso,,
ouro-sabou,,
ouro-seni,,
ourobie-tangassogo,,
ouronko,,
ouroubono,,
oursi,,
oury,,
oussaltan,,
oussaltan,,
oussoupera-feteo,,
outila,,
outom,,
outom,,
outoulou,,
outoum,,
outourou,,
ouyalguin,,
pa,,
pa,,
paagou,,
paagou-peulh,,
pabio,,
pabo,,
pabre,,
pabre,,
padala,,
padema,,
pagalaga,,
pagatenga,,
pagomtoece,,
pahin,,
pahounde,,
pakole,,
pakoro,,
pakoungou,,
pala,,
pala,,
palagre,,
palal-sambo,,
palboa,,
palboa,,
palboa,,
palembera,,
paligogo,,
palior,,
palle,,
palsegue,,
pambie-sokoura,,
pamnonghin,,
pampa,,
pampakuy,,
pampangou,,
pampani,,
pampouna,,
pana,,
pana,,
pana,,
panamasso,,
panassin,,
pandrideni,,
panga,,
pangogo,,
pangtenga,,
pani,,
pani,,
panian,,
pankele,,
pano,,
pansi,,
pantanloana,,
paore,,
papale,,
paparce,,
papayenga-diambanga,,
parade,,
paradouo,,
parakuy,,
paranzo,,
paraouigue,,
pargou,,
parkiri,,
parougri,,
partiaga,,
partiaga,,
pasnam,,
paspanga,,
paspanga,,
paspanga,,
paspanga,,
passakongo,,
passem-noguin,,
passena,,
passin,,
passintinga,,
passogo,,
pathiri,,
patiarakuy,,
patin,,
paviguibtenga,,
pawamtore,,
payamtenga,,
payao,,
payegou,,
payiri,,
pazouetfom,,
pe,,
pebiou,,
pedemtenga,,
peela,,
peele,,
pekuy,,
pelbilin,,
pelcia,,
pele,,
pelegtanga,,
pelem-pelem,,
pelga,,
pelga,,
pelga,,
pelhoute,,
pelignan,,
pelinka,,
pelinka-youmboura,,
pelkisga,,
pella,,
pella,,
pella,,
pella,,
pella,,
pellaboukou,,
pelle,,
pelse,,
pem,,
pembiga,,
pemboanga,,
pemboanga,,
pempendiangou,,
pendianga,,
pendissi,,
pendogo,,
pendogo,,
pengdwende,,
peni,,
penkatougou,,
penkatougou,,
pensa,,
pensiaka,,
pentinga-gourmantche,,
pentinga-peulh,,
pentouangou,,
peodogo,,
peotenga,,
peoukoye,,
pepin,,
perakuy,,
peramera,,
percoa,,
pergdalembiro,,
perigban,,
perko,,
perkouan,,
perkouna,,
petabarabe,,
petabouli,,
petakakisgou,,
petakolle,,
petalbaye,,
petaldaye,,
petalkoulerou,,
petalnelbe,,
petanangue,,
petanaye,,
petane,,
petanouri,,
petareobe,,
petega,,
petegoli,,
peteguerse,,
petel,,
petel,,
petel,,
peteldaou,,
peteldire,,
petelgaoudi,,
petelkotia,,
peteltioude,,
petenague,,
petit-samba,,
petoye,,
peyiri,,
pia,,
pia,,
pia,,
piaga,,
pibaore,,
pibse,,
pickoutenga-peulh,,
pie,,
piela,,
pielgou,,
pien,,
pien,,
piena,,
pieni,,
piere,,
piersielela,,
pig-pore,,
piga,,
piga-songdin,,
pighin,,
pighyiri,,
pihitenga,,
pikieko,,
pikoinse,,
piladi,,
pilaga-peulh,,
pilede,,
pilimpikou,,
pilogre,,
pilorghin,,
pima,,
pimalga,,
pimpebougou,,
pina,,
pindao,,
pindie-badara,,
pinghin,,
pingou,,
pinguina,,
pini,,
pinou,,
pinre,,
pintiagou,,
pintou,,
piougou,,
pioukouri-tangassogo,,
piraogo,,
pirgo,,
piri,,
pirkou,,
piroukou,,
pissa,,
pissai,,
pissalbore,,
pissalgo,,
pissalin,,
pisseguedin,,
pissele,,
pissi,,
pissi,,
pissi,,
pissi,,
pissi,,
pissi,,
pissi,,
pissi,,
pissi,,
pissi,,
pissi-sebgo,,
pissi-zaoce,,
pissiga,,
pissila,,
pissine,,
pissiongo,,
pissy,,
pistenga,,
pitenga,,
pitmoaga,,
pittenga,,
pittyn,,
pizonguin,,
po,,
poa,,
poa,,
poa,,
poa,,
pobanseo,,
pobe-mengao,,
pobie,,
pobouro,,
poe,,
poedogo,,
poedogo,,
poedogo,,
poedogo,,
poedogo,,
poedogo,,
poedogo,,
poedogo,,
poedogo,,
poedogo,,
poesse,,
poessi,,
poessin,,
poessin,,
poestenga,,
poetenga,,
pofona,,
pognamadeni,,
pognankanre,,
pognankoudougou-rabogo,,
pognikouli,,
pognoa-sankoado,,
pognoa-tikonti,,
pogoro,,
pogoro,,
pogoro,,
pogoro-foulbe,,
pogoyoaga,,
pohemtenga,,
pohin,,
poikoro,,
poin,,
poira,,
poka,,
pokamboulo,,
pokarana,,
pokarana,,
pokiamanga,,
pokouro,,
polesgo,,
poli-mossi,,
poli-peulh,,
polkparara,,
polla,,
polla-birifor,,
pollo,,
poltianao,,
poltionao,,
pomain,,
pompoi,,
pompoi-gare,,
ponalateon,,
ponga,,
poni-kienkire,,
poniro,,
ponsomtinga,,
pontiel,,
pontitiaga,,
poperi,,
popioho,,
popomou,,
pore,,
pore,,
pori,,
poringuin,,
poro,,
poro,,
porokuy,,
posso,,
posso,,
possodo,,
pouanya,,
poucouma-ramsa,,
poudiene,,
pouga,,
pougdiari,,
pougnerkougri,,
pougoudou,,
pougoumbiel,,
pougouzaibaogo,,
pougyango,,
pouima,,
poulalle,,
pouleba,,
poun,,
poun,,
pouna,,
poundou,,
pouni,,
pouni-nord,,
pounkouyan,,
poupourou,,
poura,,
poura-village,,
poure,,
pourou,,
pourra,,
pousdem,,
pousghin,,
pousghin,,
pousghin,,
pousma,,
poussi,,
pouswaka,,
pouswaka-peulh,,
pouswoko,,
pouto,,
pouy,,
pouytenga-peulh,,
poya,,
poya-obaga,,
poyo,,
poyo,,
prata,,
pribar,,
priwe,,
pro,,
prounkera,,
rabouglitenga,,
rafnamane,,
ragounda,,
ragueguema,,
raka,,
rakaye,,
rakaye,,
rakoegtanga,,
rakounga,,
rallo,,
rallo,,
ralo,,
ramanepanga,,
ramatoulaye,,
ramatoulaye,,
ramba,,
rambi-mossi,,
rambi-peulh,,
rambo,,
rambo,,
rambo,,
rambo-wottionma,,
rambouli,,
ramdolla-mossi,,
ramdolla-peulh,,
ramesse,,
ramesse,,
ramessoum,,
ramessoum,,
ramitenga,,
ramongo-tanguin,,
ramonkodogo,,
ramsa,,
rana,,
rana,,
ranga,,
raogo,,
raongo,,
raotenga,,
raoumde,,
rapadama,,
rapadama,,
rapadama,,
rapadama,,
rapadama,,
rapadama,,
rapadama,,
rapadama,,
rapadama,,
rapadama,,
rapougouma,,
rasko,,
rassamtanga,,
rassamtoumde,,
rassandogo,,
rassempoughin,,
rassogoma,,
rassomde,,
rassomde,,
rassouly,,
rawema,,
rawilgue,,
reanon,,
rega,,
regtenga,,
reka,,
reko,,
rellou,,
remene,,
rengueba,,
retkoulga,,
ribou,,
ridimbo,,
riga,,
rigui,,
riguin-tanguin,,
rihalo,,
rikiba,,
rikou,,
rilgo,,
rim,,
rima,,
rima,,
rimalga,,
rimkilga,,
risci,,
risci,,
rissiam,,
ritimyinga,,
roaguin,,
roambanka,,
roba,,
roba,,
robena,,
robolo,,
robonde,,
roffenega,,
roffo,,
rogho,,
roko,,
rolga,,
rollo,,
rom,,
rombagare,,
romissi,,
romtanghin,,
rondo,,
rondolga,,
rondoma,,
rondoma,,
ronga,,
rongabanko,,
ronguin,,
ronsin,,
ronsin,,
rouko,,
rouko-foulbe,,
rouly,,
roumba-mossi,,
roumba-yarce,,
roumtenga,,
roumtenga,,
roumting,,
rounga,,
rounou,,
sa,,
sa,,
saaba,,
saaba,,
saaba,,
saala,,
saatenga,,
saba,,
saba,,
sabanbougou,,
sabce,,
sabioken,,
sablogo,,
sabo,,
saborga-kori,,
saborga-pera,,
sabou,,
sabou,,
saboue,,
sabouli,,
sabouna,,
sabouri,,
sabouri-nakoara,,
sabouri-natenga,,
sabouri-sonkin,,
sabra,,
sabra,,
sabrabinatenga,,
sabrado,,
sabraogo,,
sabrouko,,
sabtenga,,
sabtenga,,
sabtoana,,
sacre,,
sacre,,
sadaba,,
sadigan,,
sadignakono,,
sadina,,
sadon,,
sadon-bobo,,
sadouan,,
sadouan,,
sadouin,,
safane,,
safi,,
safia,,
safoula,,
sag-nioniogo,,
sagabtinga-yarce,,
sagadou,,
sagala,,
sagalo,,
sagare,,
sago,,
sagoeta,,
sague,,
saho,,
sahongo,,
sahore,,
saigouma,,
saint-camille,,
saint-jean,,
saint-louis,,
saint-martin,,
saint-michel,,
saint-paul,,
sakalao,,
sakango,,
sakedougou,,
sakidissi,,
sako,,
sakoani,,
sakoinse,,
sakora,,
sakou,,
sakou-foulbe,,
sakoudi,,
sakoula,,
sakouli,,
sakuilga,,
sakuy,,
sala,,
sala,,
salagin,,
salbisgo-dapoya,,
sale,,
salembaore,,
salentene,,
saleteon,,
salgisgo-itaore,,
salibor,,
salle,,
salmossi,,
salo,,
salogo,,
salsi,,
sam,,
sam,,
sam,,
sam-fulbe,,
sama,,
samagan,,
samakuy,,
samandeni,,
samandin-bilbalgo,,
samandin-peulh,,
samaradougou,,
samatoukoro,,
samba,,
sambabouli,,
sambagou,,
sambalgou,,
sambaregou,,
sambentenga,,
sambialgou,,
sambin,,
sambin,,
sambion,,
sambitera,,
samboaga,,
samboandi,,
samboandi,,
sambonaye,,
samboulga,,
sambraoghin,,
sambtenga,,
sambtinga,,
sambtinga,,
samekuy,,
sami,,
samissi,,
samkoudougou,,
samny,,
samogohiri,,
samon,,
samorogouan,,
samou,,
samou-folga,,
samou-gabondi,,
samou-mama,,
sampa,,
sampalo,,
sampaongo,,
sampelga,,
sampema,,
sampieri,,
sampobin,,
sampogretinga,,
samporo,,
samprabissa,,
samsagbo,,
samsaongo,,
samtaga,,
samtangou,,
samtenga,,
samtinga,,
san,,
sana,,
sanaba,,
sanakadougou,,
sanakuy,,
sanare,,
sanba,,
sanba-peulh,,
sanbin-nabitenga,,
sanbsin,,
sanbsin-peulh,,
sance,,
sance,,
sandaogo,,
sandeba,,
sandia,,
sandiaba,,
sandie,,
sandimisso,,
sandogo,,
sandogo,,
sandogo,,
sandokoro,,
sandora,,
sandoure,,
sane,,
sane,,
saneba,,
sanewabo,,
sanewabo-yarce,,
sanfle,,
sanfo,,
sanga,,
sanga,,
sanga,,
sanga,,
sanga,,
sangaboule,,
sangabouli,,
sangbabie,,
sangbanou,,
sangbatara,,
sangboulanti,,
sangboulona,,
sangboulotira,,
sangha,,
sangha-peulh,,
sangha-yarce,,
sanghin,,
sangol,,
sangolo,,
sangora,,
sangou,,
sangou-nazela,,
sangoulema,,
sanh,,
sanhoui,,
sani,,
sanipenga,,
sankango,,
sankanse,,
sankara,,
sankonde,,
sankoue,,
sankouissi,,
sankouissi,,
sankuissi,,
sannabin,,
sanogho,,
sanogho-peulh,,
sanon,,
sanrgo,,
sanrgo-peul,,
sansanga,,
sanspelga,,
sanspelga,,
santelma,,
santena,,
santi,,
santiari,,
santidougou,,
santio,,
sanwara,,
sanwara-tinkiro,,
sanyou-poe,,
sao,,
sao,,
sao,,
saonghin,,
saonre,,
saorzi,,
saou,,
saouga,,
saougou,,
saouleni,,
saoupo,,
saoura,,
sapaga,,
sapaga-peulh,,
sapala,,
sapela,,
sapelo,,
sapeo,,
sapina,,
sapo,,
sapo,,
sapone,,
saptan,,
sara,,
saraba,,
sarakoro,,
sarambour,,
saramboura,,
saran,,
sarana,,
sarana,,
sarana,,
sarandaye,,
sarba,,
sare,,
sare,,
sare-peulh,,
saregou,,
sarga,,
sargo,,
saria,,
saria,,
sarkandiala,,
sarkounga,,
sarma,,
sarmassi,,
sarmassi,,
sarogo,,
sarogo,,
sarro,,
sassa,,
sassaka,,
sassaka,,
sassamba,,
sassambari,,
sassema,,
sassema-peulh,,
sassia,,
satema,,
satembila,,
sati,,
satiri,,
satte,,
sattin,,
savili,,
sawa,,
sawadogo,,
sawana,,
sawenga,,
saworokuy,,
saya,,
saya,,
sayaga,,
sayaro,,
saye,,
saye,,
saylia,,
se,,
sebedougou,,
sebere,,
sebga,,
sebouga,,
seboun,,
sebretenga,,
sebretenga,,
secaco,,
secteur,,
secteur,,
secteur,,
secteur,,
secteur,,
secteur,,
secteur,,
secteur,,
secteur,,
secteur,,
secteur,,
seferedougou,,
sefina,,
sefina,,
segre,,
segue-foulgo,,
segue-mossi,,
seguedin,,
seguedin,,
seguedin,,
seguedin,,
seguedin,,
seguedougou,,
seguem,,
seguenega,,
seguere,,
sehintiro,,
seiga,,
seinde,,
sekeba,,
sekouantou,,
sekoussi,,
sekuy,,
sekuy-ira,,
selbo,,
sele,,
seleguin,,
selenkoro,,
sella,,
selmiougou,,
selnore,,
selnore-fulbe,,
seloghin,,
seloghin,,
seloghin,,
seloguin,,
semaga,,
semapoun,,
semba,,
sembleni,,
seme,,
semine,,
semtenga,,
senasso,,
seno,,
seno,,
seno-bani,,
seno-bosnore,,
seno-diao,,
seno-todiam,,
senokayel,,
senopoguian,,
senorsingue,,
senoubala,,
senoulo,,
seouo,,
sera,,
sere,,
serekeni,,
serena,,
sergoussouma,,
seriba,,
set-sere,,
setadouo,,
setebtenga,,
setougou,,
setoundouo,,
sewera,,
seye,,
seyou,,
seytenga,,
sia,,
sia,,
sia,,
siaga,,
sian,,
sian,,
siankoro,,
sibalo,,
sibe,,
sibentenga,,
sibera,,
siboulbie,,
sibteon,,
siby,,
sidana,,
sideradougou,,
sidi,,
sidibebe,,
sidiga,,
sidikitenga,,
sidogo,,
sidogo,,
sidogo,,
sidogo,,
sidoumoukar,,
sidoumoukar,,
sidoumoukar-hiro,,
sidtenga,,
siedougou,,
siedougou,,
siekoro,,
siekoro,,
siela,,
sielle,,
sien,,
sien,,
sien,,
siena,,
sieni,,
sienkoro,,
sienne,,
siepa,,
sierka,,
siessin,,
siewali,,
sifarasso,,
sig-noghin,,
siginvousse,,
sigle,,
signenoghin,,
signoghin,,
signoghin,,
signonghin,,
sigoghin,,
sigriyaoghin,,
siguide,,
siguinasso,,
siguinoguin,,
siguinonghin,,
siguinonguin,,
siguinvousse,,
siguinvousse,,
siguinvousse,,
siguinvousse,,
siguivousse,,
sihoun,,
sika,,
sikane,,
sikati,,
sikende,,
sikideni,,
sikire,,
sikomlenga,,
sikora,,
sikorla-dierikandougou,,
sikoro,,
sikorosso,,
sikouinsi,,
silapinera,,
silara,,
silemba,,
silenga,,
silga,,
silga,,
silgadji,,
silgo,,
silgteogo,,
silgueye,,
siliendouo-rintimina,,
silkouka,,
sillaba,,
sillalara,,
sillaleba,,
sillia,,
silly,,
silmague,,
silmaiougou-boumdoundi,,
silmidougou,,
silmidougou,,
silmimossi,,
silmiougou,,
silmiougou,,
silmiougou,,
silmiougou,,
silmiougou,,
silmiougou,,
silmiougou,,
silmiougou-peulh,,
silmiougou-yarce,,
silmissin,,
silmissin,,
silmissin,,
silmitenga,,
silom-bagone,,
silom-dabori,,
silom-folapouo,,
silom-nabateon,,
siltougo,,
sim,,
simanteon,,
simba,,
simbadougou,,
simbora,,
simbri,,
simidin,,
similaopo,,
simiougou,,
simpiguin,,
sin,,
sinamanana,,
sinani,,
sinaperdouo,,
sinara,,
sincene,,
sincene,,
sindgin,,
sindie,,
sindo,,
sindolo,,
sindorla,,
sindoukorony,,
sindri,,
singa-mossi,,
singa-rimaibe,,
singdin,,
singtenga,,
singue,,
sini,,
siniena,,
sinikiere,,
sinkiro,,
sinkoura,,
sinsinguene,,
sintasso,,
sintiou,,
siny,,
sio,,
siou,,
sipigui,,
sipohin,,
siraboguin,,
sirakele,,
sirakoro,,
sirakoro,,
sirakoro,,
sirakorosso,,
siralo,,
sirfou,,
sirgne,,
sirgui,,
siri,,
sissa,,
sissamba,,
sissamba,,
sisse,,
sissile,,
sissile,,
sissily,,
sissin,,
sissoro,,
sitenga,,
sitiena,,
sitipiga,,
sitoega,,
sittaon,,
sittigo,,
siwi,,
so,,
soa,,
soa,,
soadin,,
soaga,,
soakuy,,
soala,,
soalga,,
soam,,
soana,,
soansa,,
soatou,,
soaw,,
sobaka,,
sobon,,
soboule,,
soboya,,
sodien,,
sodin,,
soferi,,
soffi,,
soffokel,,
soglozi,,
sogodjankoli,,
sogossagasso,,
sogpelce,,
sogpelce,,
sogue,,
soguedin,,
soin,,
sokongo,,
sokoro,,
sokoro,,
sokoroni,,
sokoula,,
sokoulani,,
sokoura,,
sokoura,,
sokoura,,
sokoura,,
sokoura,,
sokoura,,
sokoura,,
sokouraba,,
sokourani,,
sokourani,,
sokourani,,
sokouranie,,
solgom,,
solhan,,
solimana,,
solle-foulbe,,
solle-mossi,,
sollobo,,
sologo,,
sologo,,
sologomnore,,
solomnore,,
solonso,,
solsala,,
som,,
soma,,
soma-peulh,,
somanguima,,
somassi,,
somassi,,
somdabesma,,
somdamessom,,
somde,,
some,,
somiaga,,
somlawa,,
sommassi,,
somnawaye,,
somona,,
sompela,,
sompora,,
somyalguem,,
somyalka,,
sona,,
sondeguin-yarce,,
sondogo,,
sondogtenga,,
sondre,,
sondre,,
sondre,,
sondre-est,,
sone,,
song-naaba,,
song-naba,,
songa,,
songdin,,
songdin,,
songo,,
songo,,
songo,,
songo,,
songodin,,
songodin,,
songodin,,
songodin,,
songolo,,
songpelce,,
songpelce,,
songretenga,,
songtaba,,
sonh,,
soni,,
sono,,
sonon-pari,,
sonon-tabeo,,
sonrin,,
sonsira,,
soo-vovor,,
soper,,
soraguera,,
soranga,,
sorbin,,
sorgbouboura,,
sorgha,,
sorgho,,
sorgho-peulh,,
sorgho-yargo,,
sorgon,,
sorgou,,
sorindigui,,
sorkon,,
sorkorera,,
sorkoum,,
soro,,
soro,,
soro,,
sorobouly,,
sorogo,,
sorogo,,
sorombora,,
soromboura,,
sorona,,
soroni,,
soronkina,,
sorwa,,
sossore,,
sotenga,,
soualimou,,
souankuy,,
soubakagnedougou,,
soubakaniedougou,,
soubeira-nakoara,,
soubeira-natenga,,
soubo,,
soubore,,
soubouy,,
soucie,,
soudogo,,
soudoubila,,
soudougou,,
soudougui,,
sougbini,,
sougou,,
sougoudin,,
sougoudou,,
sougougi,,
sougouma,,
sougouma,,
souho,,
souka,,
souka,,
souka,,
soukera,,
soukoundou,,
soukoundougou,,
soukouteon,,
soukouteon,,
soukuy,,
soula,,
soula,,
soula,,
souli,,
souli-peulh,,
soulli,,
soulli,,
soulou,,
soulougre,,
souloungou,,
soulountou,,
soultenga,,
soum,,
soum,,
soum-bella,,
souma,,
souma,,
soumagou,,
soumakoro,,
soumakuy,,
soumara-boumba,,
soumarani,,
soumdi,,
soumkoum,,
soumorodougou,,
soumoukuy,,
soumouo-yobra,,
soumousso,,
soune,,
soungalobougou,,
soungalodaga,,
soungoule,,
sounkouissi,,
sounkpourouna,,
sounougou,,
sountourkou,,
sourani,,
sourapera,,
sourapera,,
sourapera,,
sourgou,,
sourgoubila,,
souri,,
souri,,
sourkoudougou,,
sourou,,
sourou,,
sourou,,
souroukoudinga,,
souroungou,,
sourounsourouna,,
sourtatibe,,
souryala,,
sousse-sanrgo,,
soussou,,
soussoubro,,
soussoula,,
soye,,
sui,,
sune,,
syalguin,,
syn,,
syn-bekuy,,
syn-dombokuy,,
syn-dounkuy,,
ta,,
taaka,,
tabaongo,,
tabe,,
tabgou,,
tabissi,,
tabou,,
tabou,,
taboye,,
tabtenga,,
tacien,,
tadjo,,
tadoteon,,
taffogo,,
tafga,,
taga,,
taga,,
taga,,
tagalla,,
tagho,,
tagnan,,
tagnaria,,
tagneteon,,
tagou,,
tagou,,
tagouassoni,,
tahidi,,
takaledougou-koko,,
takatami,,
tako,,
tako-yoyora,,
takou,,
takoulo,,
takpo,,
takpouloula,,
talama,,
talbayiri,,
talembika,,
talfomenga,,
talle,,
talle,,
talle-mossi,,
talle-peulh,,
talliere-ikori,,
talliere-sagnon,,
talliere-sawar,,
talweoghin,,
tama,,
tamagan,,
tamanega,,
tamasgo,,
tamasgo,,
tamasgo,,
tamassa,,
tamassari,,
tamassogo,,
tambaga,,
tambalan,,
tambao,,
tambarga,,
tambdogo,,
tambella,,
tambella,,
tambibangou,,
tambidi,,
tambifoagou,,
tambiga,,
tambiga,,
tambikpere,,
tambili,,
tambili,,
tambilou,,
tambiri,,
tambissonguima,,
tambizinse,,
tamboangou,,
tambogo,,
tambogo,,
tambogo-peulh,,
tambokin,,
tamboko,,
tambolo,,
tambondi,,
tambouassa,,
tamboue,,
tambourbangou,,
tamesweoghin,,
tamidiara,,
tamidou,,
tamidou,,
tamiela,,
tamiga,,
tamiga-fule,,
tamiga-mossi,,
tamipar,,
tamissi,,
tamissi,,
tamissi,,
tamissougou,,
tamkoursi,,
tamna,,
tamoana,,
tamouga,,
tamounouma,,
tampabdigo,,
tampanga,,
tampanga,,
tampaongo,,
tampe,,
tampedou,,
tampela,,
tampelce,,
tampelga,,
tampelga,,
tampelga,,
tampelga,,
tampelga-yarce,,
tampella,,
tampetou,,
tampialin,,
tampiokin,,
tampla,,
tamponga,,
tamporain,,
tampougtenga,,
tampoui,,
tampouor,,
tampour,,
tampour-kolkome,,
tampouri,,
tampoussoumdi,,
tampouy,,
tampouy,,
tampouy,,
tampouy-silmimosse,,
tampouy-yarce,,
tampouya,,
tamsabliga,,
tamse,,
tamse,,
tamse,,
tamsin,,
tamtinga,,
tanama,,
tanama,,
tanama,,
tanama,,
tanama,,
tanbiabongou,,
tance,,
tandabatt,,
tandadtenga,,
tandaga,,
tandaga,,
tandakoye,,
tandialouol,,
tandiollel,,
tandou,,
tandougou,,
tandri,,
tandyari,,
tang-sega,,
tanga,,
tanga,,
tanga-pela,,
tangali,,
tangande,,
tangandogo,,
tangangari,,
tangari,,
tangasgo,,
tangaye,,
tangaye,,
tangaye,,
tangaye,,
tangaye,,
tangbe,,
tanghin,,
tanghin,,
tanghin,,
tanghin,,
tanghin,,
tanghin,,
tanghin,,
tanghin,,
tanghin,,
tanghin,,
tanghin,,
tanghin,,
tanghin,,
tanghin,,
tanghin,,
tanghin,,
tanghin,,
tanghin,,
tanghin,,
tanghin,,
tanghin,,
tanghin-baogo,,
tanghin-dassouri,,
tanghin-gombogo,,
tanghin-goudry,,
tanghin-manega,,
tanghin-wobdo,,
tangoko,,
tangora,,
tangouna,,
tangourbi,,
tangsebla,,
tangseghin,,
tanguiema,,
tanguiga,,
tanguin-peulh,,
tangzougou,,
tanhoka,,
tanhoko,,
tani,,
tani,,
tanibiaga,,
tankiedougou,,
tankienga,,
tankimbo,,
tankoaga,,
tankoemse,,
tankolon,,
tankolon-tiopanaon,,
tankori,,
tankoualou,,
tankougounadie,,
tankoulounga,,
tankounga,,
tankpekou,,
tankuy,,
tanlalle,,
tanlalle,,
tanlalle,,
tanlaorgo,,
tanlarghin,,
tanlargo,,
tanli,,
tanlili,,
tanlili,,
tanlomo,,
tanlouka,,
tanmiga,,
tanpoko-peulh,,
tansablogo,,
tansablogo,,
tansablogo,,
tansablougou,,
tansarga,,
tansega,,
tansega,,
tansega,,
tansega,,
tansega,,
tansega-bokin,,
tansie,,
tansila,,
tansin,,
tansin,,
tansoba-imiougou,,
tansobentinga,,
tansobo-tanguin,,
tansombo,,
tansouka,,
tantako,,
tantankie,,
tantiaga,,
tantiaka,,
tantiaka-kouadigou,,
tantiaka-yamba,,
tantoaga,,
tantouo,,
tanvi,,
tanvousse,,
tanvousse-mossi,,
tanvousse-peulh,,
tanwaka,,
tanwalbougou,,
tanwefo,,
tanwogoma,,
tanwoko,,
tanya-pari,,
tanya-zousso,,
tanyoko-mossi,,
tanyoko-peulh,,
tanzeongo,,
tanziega,,
tanziega,,
tao,,
taonsghin,,
taonsgho,,
taonsgho,,
taonsgo,,
taonsgo,,
taonsgo,,
taonsogo,,
taouremba,,
taparko,,
taperdouo,,
tapira,,
taplara,,
tapoa-barrage,,
tapoa-diagbagbi,,
tapoa-djerma,,
tapoko,,
tapre,,
tapre,,
taram-noaga,,
tarama,,
tarba,,
tarba,,
tarbonnessin,,
tare,,
tare,,
targho,,
tasmakatt,,
tassep,,
tassiri,,
tassona,,
tataye,,
tatiangou,,
tatoukou,,
tatyou,,
taya,,
tayalo,,
tayaret,,
tchelel,,
tcheriba,,
tchomboado,,
tebela,,
tebera,,
tebere,,
tebere,,
tegou-ladiel,,
tegou-mango,,
tegsagbo,,
teheni-sud,,
tekrou,,
tem,,
tema,,
tembou,,
temekina,,
temetemasso,,
temmiga,,
temnaore,,
temnaore,,
tempoure,,
tena,,
tena,,
tenado,,
tenasso,,
tengand-tanga,,
tengrela,,
tengsoba,,
tengsoba,,
tengsoba-kiema-silmiougou,,
teni,,
teni-peulh,,
teniankoura,,
tenoaghin,,
tenonghin,,
tenonghin-peulh,,
tenou,,
tenoule,,
tensobentenga,,
tensobtenga,,
tensobtenga,,
teodoure,,
teomighin,,
teonsgo,,
teonsgo,,
teonsogo,,
teoule,,
tepare,,
terbiel,,
teri-rimaibe,,
teri-samo,,
terin-mossi,,
terin-peulh,,
terpo,,
tessiougane,,
tessoaghin,,
tewaka,,
teyogodin,,
thebo,,
thematan,,
thia,,
thiao,,
thiaossan-koporo,,
thiargou,,
thiery,,
thimborgou,,
thimguem,,
thion,,
thiongori,,
thiou,,
thiou,,
thioula,,
thioumbonga,,
thioure,,
thou,,
thy,,
tia,,
tia,,
tiabdou,,
tiabga,,
tiabia,,
tiabien,,
tiabien-kasso,,
tiabongou,,
tiabtamassogo,,
tiaburo,,
tiabwal,,
tiafandouo,,
tiagao,,
tiakane,,
tiakoagli,,
tiakoura,,
tiakoure,,
tialboanga,,
tiale,,
tialel,,
tialgo,,
tialla,,
tialol,,
tiamien,,
tiana,,
tiandiaga,,
tiangouera,,
tiankoura,,
tiankuy,,
tiano,,
tianra,,
tiantiabouli,,
tiantiaka,,
tiao,,
tiao,,
tiapaga,,
tiapreteon,,
tiara,,
tiarako,,
tiare,,
tiare,,
tiargou,,
tiarkiro,,
tiarkiro,,
tiassiery,,
tiawama,,
tiayiguel,,
tiba,,
tiba,,
tibadi,,
tibeldouo,,
tibga,,
tibi-yarce,,
tibili,,
tibilindi,,
tibin,,
tibin,,
tibin,,
tibin,,
tibin,,
tibin,,
tibou,,
tibou-boadoma,,
tiboudi,,
tibrela,,
tibtenga,,
tibtenga,,
tibtenga,,
tibtenga,,
tibtenga-fulbe,,
tibtenga-mossi,,
tidimtoa,,
tidmarel,,
tidyalie,,
tiebadialofaso,,
tiebata,,
tiebo,,
tiebon,,
tiedia,,
tiedin,,
tiefindougou,,
tiefindougou,,
tiefora,,
tiefora-kasside,,
tiefora-natiera,,
tiekagnibi,,
tiekaledji,,
tiekar,,
tiekel,,
tiekouna,,
tiekouyou,,
tiekuy,,
tielba,,
tiema,,
tiemana,,
tieme,,
tiemeredji,,
tiempagora,,
tiempara,,
tien,,
tiena,,
tiendre,,
tienkouera,,
tienlour,,
tiere,,
tiereteon,,
tierkora,,
tierkou,,
tiessourou,,
tiffele,,
tiffou,,
tifrodouo,,
tigan,,
tigem,,
tigou,,
tigre,,
tiguetin,,
tiguibamloye,,
tiguili,,
tiguimtenga,,
tiguindalgue,,
tihandeni,,
tikan,,
tikanne,,
tikare,,
tikato,,
tikera,,
tikitionao,,
tikonti,,
tilampira,,
tilga,,
tilga-bangre,,
tille,,
tilli,,
tilligui,,
tilonti,,
tilpera,,
tim-tim,,
timambari,,
timanemboin,,
timba,,
timba,,
timbaouri,,
timbarbitionao,,
timbiel,,
timbikora,,
timbio,,
timbisseo,,
timbolo,,
timboulel,,
timboura-birifor,,
timboura-lobi,,
timintira,,
timperba,,
timpo,,
timtenga,,
tin,,
tin-agadel,,
tin-akoff,,
tin-ediar,,
tin-rhassane,,
tin-rhassane,,
tin-zalayanane,,
tin-zonbaraten,,
tina,,
tindagou,,
tindane,,
tindangou,,
tindangou,,
tindanogo,,
tindiao,,
tindiar,,
tindila,,
tingandogo,,
tingandogo,,
tingsobare,,
tinguemnore,,
tinguera,,
tinhatane,,
tinhira,,
tinhouri,,
tini,,
tinkakperera,,
tinkar,,
tinkera,,
tinkira,,
tinkiro,,
tinkiro,,
tinkiro-lobi,,
tinko,,
tinkoguelga,,
tinlou,,
tinma,,
tinrtinga,,
tinsalgo,,
tinsobtinga,,
tinsouka,,
tinteka,,
tintilou,,
tintogo,,
tintoura,,
tio,,
tio,,
tiobiel,,
tiodie,,
tiofa,,
tiofolboye,,
tiogagara,,
tiogagara,,
tiogbalandi,,
tiogo,,
tiogo,,
tiogo-mouhoun,,
tiokpolo,,
tiokpolo,,
tiokuy,,
tiombiel,,
tiombio,,
tiomboni,,
tiomolo,,
tiongo,,
tiongo,,
tiongo-lampiadi,,
tiongo-pani,,
tiongo-pori,,
tionouna,,
tiontionmana,,
tiopanao,,
tiopanao,,
tiopanao,,
tiopolo,,
tioro,,
tiossera,,
tiossera,,
tiou-poece,,
tiougou,,
tiougouana,,
tiouma,,
tioumbanga,,
tiourkuy,,
tioyo,,
tipoli,,
tiponi,,
tira,,
tirakuy,,
tirbou,,
tire,,
tisse,,
tisselin,,
tisselin-yarce,,
tissi,,
tissi,,
tissimi,,
tita,,
tita-napone,,
titabe,,
titinateon,,
titon,,
tiwera,,
tiyalo,,
tiyelle,,
to,,
to,,
toabin,,
toabre,,
toaga,,
toanda,,
toanga,,
toba,,
tobidioga,,
tobinkora,,
tobkio,,
tobo-tankori,,
tobo-weleteon,,
toboani,,
tobou,,
tobou-peulh,,
tobroura,,
todiam,,
todje,,
toebanega,,
toece,,
toece,,
toece,,
toece,,
toecin,,
toega,,
toeghin,,
toeghin,,
toeghin,,
toeghin,,
toeghin-peulh,,
toeguin,,
toeguin,,
toekedogo,,
toemiga,,
toemigo,,
toemissi,,
toeni,,
toere,,
toesse-koulba,,
toessin,,
toessin,,
toessin,,
toessin,,
toessin,,
toessin,,
toessin,,
toessin-foulbe,,
toeyoko,,
toezouri,,
toghin,,
toghin,,
toghin,,
toghin-bangre,,
tognora,,
togse,,
togtenga,,
tohedera,,
tohera-soupera,,
tohevara,,
tohogodou,,
tohounguel,,
toimbi,,
tokabangou,,
tokera-bankoro,,
tokera-tiemourou,,
tokouna,,
tokpora,,
toleper,,
tolepsi,,
tolkaboua,,
tollel-kaya,,
tollinghin,,
tolompo,,
toma,,
toma,,
toma-ile,,
toma-koura,,
tomabissi,,
tomba,,
tombila,,
tombodougou,,
tomena,,
tomikoroni,,
tomikorosso,,
tomodjan,,
tomonga,,
tompena,,
tompomena,,
ton,,
tona,,
tondiata,,
tondogosso,,
tone,,
tonga,,
tongmene,,
tongomayel,,
tongomayel-sirgne,,
toni,,
tonior,,
tonkarlamine,,
tonkoroni,,
tonkpourou,,
tonon,,
tonora-djolonkera,,
tonsere,,
tontenga,,
tonteon,,
tontolbouli,,
tontolombora,,
toolo,,
topera,,
toppi,,
toptiagou,,
tora,,
tora,,
torandougou,,
tordiera,,
torem,,
torkiaro,,
torkora,,
torkouora,,
torla,,
tormana,,
toroba,,
toroba,,
torobo,,
torodo,,
torohiri,,
torokoto,,
torokoto,,
torom,,
torosso,,
torosso,,
tossin,,
tosson,,
totori,,
touaho,,
touare,,
touba,,
touba,,
toubairi,,
toubani,,
toubissa,,
toublongo,,
toubyengo,,
toudou,,
touga,,
tougmetenga,,
tougo,,
tougou,,
tougoudadou,,
tougouri,,
tougouri,,
tougouya,,
tougouya-koko,,
tougribouli,,
tougue,,
tougue,,
tougue,,
tougui,,
touka,,
touka,,
touka,,
touka,,
touka,,
touka,,
touka,,
touka-aguillanabe,,
touka-foulbe,,
touko,,
toukoro,,
toukoro,,
toukoro,,
toukoro,,
toukoudouga,,
toukourgou,,
toula,,
toula,,
toulfe,,
toulguere-peulh,,
toulougou-kanrin,,
toulougou-nakomse,,
toulougou-yarce,,
toulpouo,,
touma,,
toumani,,
toumbenga,,
toumouni,,
toumoussesseni,,
toumpera,,
toumy,,
toun,,
tounagnera,,
toundi,,
toundou,,
toundoura,,
tounga,,
toungare,,
toungo,,
toungouana,,
toungourou,,
tounkini,,
tounou,,
tounougou,,
tountana,,
tounte,,
tounte,,
tountre-poli,,
touolongou,,
toupar,,
toupar,,
touri,,
tourmonga,,
touro,,
touronata,,
tourou,,
tourouba,,
touroukoro,,
touroukoro,,
touroum,,
toury,,
toussana,,
toussiamasso,,
toussian-bandougou,,
toussiana,,
toussougtenga,,
toutgoguin,,
toutou-doundougorou,,
touya,,
tovor,,
towace,,
towogodo,,
toyende,,
toyende,,
toyogdo,,
toyogodin,,
toyoko,,
triko,,
trimbio,,
tringuel,,
tripora,,
tuai,,
tuena,,
tuili,,
tuire,,
tuire-peulh,,
turmaye,,
ty,,
ty,,
uleo,,
vaagogho,,
vag-vaguin,,
vagma,,
valiou,,
valla,,
vara,,
varkourkoula,,
varpouo,,
vatao,,
vato-boulde,,
vato-mossi,,
vavidjou,,
veh,,
vella,,
vilianga-gourma,,
vilianga-mossi,,
villa,,
villy,,
villy,,
villy-bongo,,
vinadouo,,
vini,,
vinvelena,,
viou,,
vipalogho,,
vire-songdin,,
virou,,
virwe,,
vivio,,
voaga,,
voho,,
vohogdin,,
vongo,,
voro,,
vosse,,
voube-gompar,,
voube-tanzou,,
voubira,,
voukoun,,
vour,,
vouregane,,
vousnanga,,
vowogdo,,
vrassan,,
vrou,,
vy,,
wa,,
waada,,
waboti,,
waboti,,
wadiele,,
wagaye,,
wagueesi,,
wahable,,
waidjoaga,,
waidjoaga-peulh,,
wakou,,
wakuy,,
walala,,
walembi,,
waltiera,,
waltinga,,
waly,,
wamtinga,,
wan,,
wan,,
wanare,,
wanbere,,
wanda,,
wanema,,
wanfere,,
wangala,,
wangara,,
wanobe,,
wanonghin,,
wantarangou,,
wanzan,,
waongo,,
wapta,,
wara,,
waraba-zinkar,,
wardogo,,
warou,,
wassakore,,
watinga,,
watinoma,,
watinoma,,
watinoma,,
wattigue,,
wattinoma,,
wattinoma,,
wavougue,,
wavousse,,
wavousse,,
wawara,,
wayen,,
wayen-zam,,
wazele,,
wedbila,,
wedo,,
wedogo-petit,,
wedogo-peulh,,
weglega,,
wekanale,,
welde,,
welde,,
wele-wele,,
welguemsibou,,
wempea,,
wempea,,
wemtinga,,
wemyaoghin,,
wenibankin,,
weotinga,,
werapoli,,
werinkera,,
werou,,
wetina,,
wiboria,,
widi,,
wigayatoulaye,,
wilga,,
wilgo,,
winde,,
winde,,
winde,,
winde,,
windeboki,,
wirilona,,
wirko,,
woba-tila,,
wobgo,,
wobzoughinn,,
wogzougou,,
wolo-wolo,,
wolonkoto,,
womzougou,,
wondghin,,
wonrobogo,,
worgo-rassin,,
woro,,
worokuy,,
worou,,
woulmassoutou,,
wousse,,
wouzambil,,
ya,,
yaba,,
yabana,,
yabar,,
yabasso,,
yabo,,
yabogane,,
yabonsgo,,
yabre,,
yacabe,,
yackin,,
yacouta,,
yactenga,,
yactibo,,
yada,,
yade,,
yagabtenga,,
yaganse,,
yagma,,
yagma,,
yago,,
yagoam,,
yagou,,
yaguin,,
yaho,,
yaika,,
yaka,,
yake,,
yakin,,
yalagre,,
yalanayou,,
yalanga,,
yalankoro,,
yalga,,
yalga,,
yalga,,
yalgatenga,,
yalgatin,,
yalgo,,
yalgo,,
yalgo,,
yalgo,,
yalgoueogo,,
yalka,,
yalle,,
yalle,,
yallo,,
yallo-gouroungou,,
yama,,
yama,,
yamadio,,
yamana,,
yamane,,
yamane,,
yamba,,
yamba,,
yambasse,,
yambatenga,,
yambili,,
yambo,,
yamegtenga,,
yamganghin,,
yamou,,
yamsinde,,
yamsinde,,
yamtenga,,
yanga,,
yanga,,
yankasso,,
yankoro,,
yansa,,
yansare,,
yantenga,,
yanwega,,
yaoghin,,
yaoghin,,
yaongo,,
yaoua,,
yapoteon,,
yaran,,
yaran,,
yarba,,
yarba-lampiadi,,
yarbila,,
yarcetenga,,
yargatenga,,
yarghin,,
yargo,,
yargo,,
yargo,,
yargo,,
yargo,,
yargo,,
yargo,,
yargo,,
yargo-yarce,,
yarguin,,
yarkanre,,
yaro,,
yaro,,
yarsi,,
yarsipiga,,
yaryome,,
yasso,,
yassougou,,
yassoumbaga,,
yate,,
yatenga,,
yattakou,,
yayo,,
yayo,,
yayou,,
ye,,
yeaoanga,,
yebelba,,
yebelela,,
yega,,
yeguere,,
yeguere,,
yegueresso,,
yehoun,,
yelbissi,,
yelbouga,,
yelboulga,,
yeleania,,
yelela,,
yelembasse,,
yelembidou,,
yelhourodouo,,
yelintouta,,
yelkoto,,
yellou,,
yendere,,
yendjoaga-gourmantche,,
yenkuy,,
yenou,,
yense,,
yensemdeni,,
yerba-peulh,,
yeressoro,,
yerfing,,
yergoya,,
yergue,,
yerifoula-dioula,,
yerifoula-gan,,
yeritagui,,
yerouporou,,
yevedougou,,
yeyera,,
yilou,,
yilou,,
yinga,,
yinsinbingba,,
yirga,,
yirini,,
yirougou,,
yirwal,,
yo,,
yo,,
yoabghin,,
yoada,,
yoana,,
yoba,,
yoba,,
yobitenga,,
yobri,,
yoda,,
yoldeteon,,
yolonhira,,
yomboli,,
yona,,
yonbtenga,,
yonde,,
yonde-peulh,,
yonkuy,,
yorghin,,
yorgho,,
yorgo,,
yorgo,,
yoro,,
yorofesso,,
yoroko,,
yoroko-peulh,,
yorsala,,
you,,
youanga,,
youba,,
youbga,,
youga,,
youga-peulh,,
yougoudri,,
yougoulmande,,
yougounini,,
yougpangou,,
yougpankoudougou,,
yougritenga,,
youguin,,
youka,,
youkin,,
youkouka,,
youlao,,
youlbakou,,
youlmenga,,
youlou,,
youloupo,,
youm-yiri,,
youmbara,,
youmpoa-tiopanao,,
youmtenga,,
youngou,,
youngou-peulh,,
younora,,
yourga,,
yourkoudghin,,
youtenga,,
youtenga,,
yoya,,
yoyo,,
yssiri,,
zaba,,
zabatorla,,
zabga,,
zabga,,
zablo,,
zabo,,
zabo,,
zabre,,
zagable,,
zagtouli,,
zainga,,
zaka,,
zaka,,
zakare,,
zakin,,
zakuy,,
zam,,
zamakologo,,
zambanega,,
zambanga,,
zambele,,
zambila,,
zambo,,
zamboundi,,
zamce,,
zamdogo,,
zame,,
zamioro,,
zamnongho,,
zamo,,
zamouna,,
zampa,,
zamse,,
zamse,,
zamse,,
zana,,
zanamogo,,
zanawa-pougouli,,
zance,,
zanci,,
zandkom,,
zandkom-peulh,,
zandogo,,
zandoubre,,
zanfagora,,
zanfara,,
zangassoni,,
zangazoli,,
zanghindiesse,,
zangogho,,
zangoni,,
zanibougou,,
zankina,,
zankolga,,
zankougdo,,
zanna,,
zanna,,
zano,,
zano,,
zanre,,
zanre,,
zanrin,,
zanrsin,,
zantore,,
zanzaka,,
zanzi,,
zao,,
zaogo,,
zaongo,,
zaongo,,
zaptenga,,
zaptinga,,
zare,,
zargaloutan,,
zarin-mossi,,
zarin-peulh,,
zatama,,
zavara,,
zawara,,
zaye,,
zecca,,
zecco,,
zecco-yarce,,
zegnedougou,,
zeguedega,,
zeguedega,,
zeguedeghin,,
zeguedeghin,,
zeguedeguin,,
zeguedeguin-mossi,,
zeguedeguin-peulh,,
zeguessiga,,
zehuy,,
zeke,,
zekemzougou,,
zekeze,,
zekounga,,
zekuy,,
zelasse,,
zelinkpe,,
zelogo,,
zemalga,,
zempassogo,,
zeologuin,,
zeoula,,
zeoule,,
zerboko,,
zergoama,,
zerkoum,,
zeydrabe,,
ziasso,,
zibako,,
ziedougou,,
ziella,,
zienkuy,,
ziga,,
ziga,,
ziga,,
ziga,,
ziga,,
zigla-koulpele,,
zigla-polace,,
zihoun,,
zikieme,,
zilateon,,
zilivele,,
zima,,
zimoulekpoul,,
zimsa,,
zimtenga,,
zina,,
zinado,,
zinakongo,,
zincko,,
zindi,,
zindiguesse,,
zindin,,
zindinogo,,
zingane,,
zingdeghin,,
zingdnogo,,
zingguima,,
zinguedega,,
zinguedeghin,,
zinguedesse,,
zinibeogo,,
zinikoui,,
zinion,,
zinka-folan,,
zinka-kpoko,,
zinka-tol,,
zinknabbin,,
zinloua,,
zinou,,
zinsiere,,
zinteo,,
zinzin,,
zinzour,,
zinzour-polo,,
zipelin,,
zirbare,,
zire,,
zissegre,,
zitenga,,
zitonosso,,
zizon,,
zoaga,,
zoaga,,
zoaga-peulh,,
zoaga-yarce,,
zoamba,,
zoangpighin,,
zodoum,,
zoetgomde,,
zoetgomde,,
zoetgomde,,
zogore,,
zolo,,
zom,,
zomkalga,,
zomkalga,,
zomkalga,,
zomkome,,
zomnogo,,
zomnogo,,
zomnogo,,
zomnogo-bangre,,
zon,,
zonakuy,,
zonatenga,,
zondoma,,
zoner,,
zongbega,,
zonghin,,
zongo,,
zongo,,
zongo,,
zongo,,
zongo,,
zongoma,,
zono,,
zonse,,
zoolo,,
zopal,,
zorbimba,,
zore,,
zorgho,,
zorgho,,
zorgo,,
zorkoum,,
zorkoum,,
zoro,,
zoromdougou,,
zoromtenga,,
zoubini,,
zougbilin,,
zougloum-tonsgo,,
zougo,,
zougo,,
zougouna,,
zougoungou,,
zoula,,
zouma,,
zouma,,
zouma,,
zouma,,
zouma,,
zoumahiri,,
zoumtoega,,
zoun,,
zoundi,,
zoundri,,
zoungou,,
zoungou,,
zoungou-peulh,,
zoungouwaye,,
zoura,,
zoura,,
zoura-foulbe,,
zourma,,
zourma-kita,,
zourtenga,,
zouziegane,,